X (ms);C0:_to.Axis_2.positioningState.actualPosition;C1:_device.qq
0,000000;2,672000;0,000000
3,000000;2,672000;0,000000
6,000000;2,671000;0,000000
9,000000;2,671000;0,000000
12,000000;2,671000;0,000000
15,000000;2,671000;0,000000
18,000000;2,671000;0,000000
21,000000;2,672000;0,000000
24,000000;2,672000;0,000000
27,000000;2,671000;0,000000
30,000000;2,671000;0,000000
33,000000;2,671000;0,000000
36,000000;2,671000;0,000000
39,000000;2,671000;0,000000
42,000000;2,671000;0,000000
45,000000;2,671000;0,000000
48,000000;2,671000;0,000000
51,000000;2,671000;0,000000
54,000000;2,672000;0,000000
57,000000;2,671000;0,000000
60,000000;2,671000;0,000000
63,000000;2,671000;0,000000
66,000000;2,671000;0,000000
69,000000;2,671000;0,000000
72,000000;2,672000;0,000000
75,000000;2,672000;0,000000
78,000000;2,672000;0,000000
81,000000;2,672000;0,000000
84,000000;2,671000;0,000000
87,000000;2,671000;0,000000
90,000000;2,671000;0,000000
93,000000;2,671000;0,000000
96,000000;2,672000;0,000000
99,000000;2,672000;0,000000
102,000000;2,672000;0,000000
105,000000;2,672000;0,000000
108,000000;2,671000;0,000000
111,000000;2,671000;0,000000
114,000000;2,671000;0,000000
117,000000;2,671000;0,000000
120,000000;2,671000;0,000000
123,000000;2,671000;0,000000
126,000000;2,671000;0,000000
129,000000;2,671000;0,000000
132,000000;2,671000;0,000000
135,000000;2,671000;0,000000
138,000000;2,671000;0,000000
141,000000;2,671000;0,000000
144,000000;2,671000;0,000000
147,000000;2,671000;0,000000
150,000000;2,671000;0,000000
153,000000;2,671000;0,000000
156,000000;2,671000;0,000000
159,000000;2,671000;0,000000
162,000000;2,672000;0,000000
165,000000;2,672000;0,000000
168,000000;2,671000;0,000000
171,000000;2,671000;0,000000
174,000000;2,671000;0,000000
177,000000;2,671000;0,000000
180,000000;2,671000;0,000000
183,000000;2,671000;0,000000
186,000000;2,671000;0,000000
189,000000;2,671000;0,000000
192,000000;2,671000;0,000000
195,000000;2,671000;0,000000
198,000000;2,671000;0,000000
201,000000;2,671000;0,000000
204,000000;2,671000;0,000000
207,000000;2,671000;0,000000
210,000000;2,671000;0,000000
213,000000;2,672000;0,000000
216,000000;2,671000;0,000000
219,000000;2,671000;0,000000
222,000000;2,671000;0,000000
225,000000;2,671000;0,000000
228,000000;2,671000;0,000000
231,000000;2,671000;0,000000
234,000000;2,672000;0,000000
237,000000;2,671000;0,000000
240,000000;2,671000;0,000000
243,000000;2,671000;0,000000
246,000000;2,671000;0,000000
249,000000;2,671000;0,000000
252,000000;2,672000;0,000000
255,000000;2,671000;0,000000
258,000000;2,671000;0,000000
261,000000;2,671000;0,000000
264,000000;2,671000;0,000000
267,000000;2,671000;0,000000
270,000000;2,671000;0,000000
273,000000;2,672000;0,000000
276,000000;2,671000;0,000000
279,000000;2,671000;0,000000
282,000000;2,672000;0,000000
285,000000;2,671000;0,000000
288,000000;2,671000;0,000000
291,000000;2,671000;0,000000
294,000000;2,671000;0,000000
297,000000;2,671000;0,000000
300,000000;2,671000;0,000000
303,000000;2,671000;0,000000
306,000000;2,671000;0,000000
309,000000;2,671000;0,000000
312,000000;2,671000;0,000000
315,000000;2,671000;0,000000
318,000000;2,671000;0,000000
321,000000;2,671000;0,000000
324,000000;2,672000;0,000000
327,000000;2,671000;0,000000
330,000000;2,671000;0,000000
333,000000;2,671000;0,000000
336,000000;2,671000;0,000000
339,000000;2,671000;0,000000
342,000000;2,671000;0,000000
345,000000;2,671000;0,000000
348,000000;2,671000;0,000000
351,000000;2,671000;0,000000
354,000000;2,671000;0,000000
357,000000;2,671000;0,000000
360,000000;2,672000;0,000000
363,000000;2,672000;0,000000
366,000000;2,671000;0,000000
369,000000;2,671000;0,000000
372,000000;2,671000;0,000000
375,000000;2,671000;0,000000
378,000000;2,671000;0,000000
381,000000;2,671000;0,000000
384,000000;2,672000;0,000000
387,000000;2,671000;0,000000
390,000000;2,671000;0,000000
393,000000;2,671000;0,000000
396,000000;2,671000;0,000000
399,000000;2,671000;0,000000
402,000000;2,671000;0,000000
405,000000;2,671000;0,000000
408,000000;2,671000;0,000000
411,000000;2,671000;0,000000
414,000000;2,671000;0,000000
417,000000;2,671000;0,000000
420,000000;2,671000;0,000000
423,000000;2,671000;0,000000
426,000000;2,671000;0,000000
429,000000;2,671000;0,000000
432,000000;2,671000;0,000000
435,000000;2,671000;0,000000
438,000000;2,671000;0,000000
441,000000;2,671000;0,000000
444,000000;2,671000;0,000000
447,000000;2,671000;0,000000
450,000000;2,671000;0,000000
453,000000;2,672000;0,000000
456,000000;2,671000;0,000000
459,000000;2,671000;0,000000
462,000000;2,671000;0,000000
465,000000;2,671000;0,000000
468,000000;2,671000;0,000000
471,000000;2,671000;0,000000
474,000000;2,671000;0,000000
477,000000;2,671000;0,000000
480,000000;2,671000;0,000000
483,000000;2,671000;0,000000
486,000000;2,671000;0,000000
489,000000;2,671000;0,000000
492,000000;2,671000;0,000000
495,000000;2,671000;0,000000
498,000000;2,671000;0,000000
501,000000;2,671000;0,000000
504,000000;2,671000;0,000000
507,000000;2,671000;0,000000
510,000000;2,671000;0,000000
513,000000;2,671000;0,000000
516,000000;2,671000;0,000000
519,000000;2,671000;0,000000
522,000000;2,671000;0,000000
525,000000;2,672000;0,000000
528,000000;2,671000;0,000000
531,000000;2,671000;0,000000
534,000000;2,671000;0,000000
537,000000;2,671000;0,000000
540,000000;2,671000;0,000000
543,000000;2,672000;0,000000
546,000000;2,672000;0,000000
549,000000;2,671000;0,000000
552,000000;2,671000;0,000000
555,000000;2,671000;0,000000
558,000000;2,671000;0,000000
561,000000;2,671000;0,000000
564,000000;2,671000;0,000000
567,000000;2,671000;0,000000
570,000000;2,671000;0,000000
573,000000;2,671000;0,000000
576,000000;2,671000;0,000000
579,000000;2,671000;0,000000
582,000000;2,671000;0,000000
585,000000;2,671000;0,000000
588,000000;2,671000;0,000000
591,000000;2,671000;0,000000
594,000000;2,671000;0,000000
597,000000;2,671000;0,000000
600,000000;2,671000;0,000000
603,000000;2,671000;0,000000
606,000000;2,671000;0,000000
609,000000;2,671000;0,000000
612,000000;2,671000;0,000000
615,000000;2,671000;0,000000
618,000000;2,671000;0,000000
621,000000;2,671000;0,000000
624,000000;2,671000;0,000000
627,000000;2,671000;0,000000
630,000000;2,671000;0,000000
633,000000;2,671000;0,000000
636,000000;2,671000;0,000000
639,000000;2,671000;0,000000
642,000000;2,671000;0,000000
645,000000;2,671000;0,000000
648,000000;2,671000;0,000000
651,000000;2,671000;0,000000
654,000000;2,671000;0,000000
657,000000;2,671000;0,000000
660,000000;2,671000;0,000000
663,000000;2,671000;0,000000
666,000000;2,671000;0,000000
669,000000;2,671000;0,000000
672,000000;2,671000;0,000000
675,000000;2,672000;0,000000
678,000000;2,672000;0,000000
681,000000;2,672000;0,000000
684,000000;2,671000;0,000000
687,000000;2,671000;0,000000
690,000000;2,671000;0,000000
693,000000;2,671000;0,000000
696,000000;2,671000;0,000000
699,000000;2,671000;0,000000
702,000000;2,671000;0,000000
705,000000;2,671000;0,000000
708,000000;2,671000;0,000000
711,000000;2,671000;0,000000
714,000000;2,671000;0,000000
717,000000;2,671000;0,000000
720,000000;2,671000;0,000000
723,000000;2,671000;0,000000
726,000000;2,671000;0,000000
729,000000;2,671000;0,000000
732,000000;2,671000;0,000000
735,000000;2,671000;0,000000
738,000000;2,671000;0,000000
741,000000;2,671000;0,000000
744,000000;2,671000;0,000000
747,000000;2,671000;0,000000
750,000000;2,671000;0,000000
753,000000;2,671000;0,000000
756,000000;2,671000;0,000000
759,000000;2,671000;0,000000
762,000000;2,671000;0,000000
765,000000;2,671000;0,000000
768,000000;2,671000;0,000000
771,000000;2,671000;0,000000
774,000000;2,671000;0,000000
777,000000;2,671000;0,000000
780,000000;2,671000;0,000000
783,000000;2,671000;0,000000
786,000000;2,671000;0,000000
789,000000;2,671000;0,000000
792,000000;2,671000;0,000000
795,000000;2,671000;0,000000
798,000000;2,671000;0,000000
801,000000;2,671000;0,000000
804,000000;2,671000;0,000000
807,000000;2,671000;0,000000
810,000000;2,671000;0,000000
813,000000;2,671000;0,000000
816,000000;2,671000;0,000000
819,000000;2,671000;0,000000
822,000000;2,671000;0,000000
825,000000;2,671000;0,000000
828,000000;2,671000;0,000000
831,000000;2,671000;0,000000
834,000000;2,671000;0,000000
837,000000;2,671000;0,000000
840,000000;2,671000;0,000000
843,000000;2,671000;0,000000
846,000000;2,671000;0,000000
849,000000;2,671000;0,000000
852,000000;2,672000;0,000000
855,000000;2,671000;0,000000
858,000000;2,671000;0,000000
861,000000;2,671000;0,000000
864,000000;2,671000;0,000000
867,000000;2,671000;0,000000
870,000000;2,671000;0,000000
873,000000;2,671000;0,000000
876,000000;2,671000;0,000000
879,000000;2,671000;0,000000
882,000000;2,671000;0,000000
885,000000;2,671000;0,000000
888,000000;2,671000;0,000000
891,000000;2,671000;0,000000
894,000000;2,671000;0,000000
897,000000;2,671000;0,000000
900,000000;2,671000;0,000000
903,000000;2,671000;0,000000
906,000000;2,671000;0,000000
909,000000;2,671000;0,000000
912,000000;2,671000;0,000000
915,000000;2,671000;0,000000
918,000000;2,671000;0,000000
921,000000;2,671000;0,000000
924,000000;2,671000;0,000000
927,000000;2,671000;0,000000
930,000000;2,671000;0,000000
933,000000;2,671000;0,000000
936,000000;2,671000;0,000000
939,000000;2,671000;0,000000
942,000000;2,671000;0,000000
945,000000;2,671000;0,000000
948,000000;2,671000;0,000000
951,000000;2,671000;0,000000
954,000000;2,671000;0,000000
957,000000;2,671000;0,000000
960,000000;2,671000;0,000000
963,000000;2,671000;0,000000
966,000000;2,671000;0,000000
969,000000;2,671000;0,000000
972,000000;2,671000;0,000000
975,000000;2,671000;0,000000
978,000000;2,671000;0,000000
981,000000;2,671000;0,000000
984,000000;2,671000;0,000000
987,000000;2,671000;0,000000
990,000000;2,671000;0,000000
993,000000;2,671000;0,000000
996,000000;2,671000;0,000000
999,000000;2,671000;0,000000
1002,000000;2,671000;0,000000
1005,000000;2,671000;0,000000
1008,000000;2,671000;0,000000
1011,000000;2,671000;0,000000
1014,000000;2,671000;0,000000
1017,000000;2,671000;0,000000
1020,000000;2,671000;0,000000
1023,000000;2,671000;0,000000
1026,000000;2,671000;0,000000
1029,000000;2,671000;0,000000
1032,000000;2,671000;0,000000
1035,000000;2,671000;0,000000
1038,000000;2,671000;0,000000
1041,000000;2,671000;0,000000
1044,000000;2,671000;0,000000
1047,000000;2,671000;0,000000
1050,000000;2,672000;0,000000
1053,000000;2,671000;0,000000
1056,000000;2,671000;0,000000
1059,000000;2,671000;0,000000
1062,000000;2,671000;0,000000
1065,000000;2,671000;0,000000
1068,000000;2,671000;0,000000
1071,000000;2,671000;0,000000
1074,000000;2,671000;0,000000
1077,000000;2,671000;0,000000
1080,000000;2,672000;0,000000
1083,000000;2,672000;0,000000
1086,000000;2,671000;0,000000
1089,000000;2,671000;0,000000
1092,000000;2,671000;0,000000
1095,000000;2,671000;0,000000
1098,000000;2,671000;0,000000
1101,000000;2,671000;0,000000
1104,000000;2,671000;0,000000
1107,000000;2,671000;0,000000
1110,000000;2,671000;0,000000
1113,000000;2,671000;0,000000
1116,000000;2,671000;0,000000
1119,000000;2,671000;0,000000
1122,000000;2,671000;0,000000
1125,000000;2,671000;0,000000
1128,000000;2,671000;0,000000
1131,000000;2,671000;0,000000
1134,000000;2,672000;0,000000
1137,000000;2,671000;0,000000
1140,000000;2,671000;0,000000
1143,000000;2,671000;0,000000
1146,000000;2,671000;0,000000
1149,000000;2,671000;0,000000
1152,000000;2,671000;0,000000
1155,000000;2,671000;0,000000
1158,000000;2,671000;0,000000
1161,000000;2,671000;0,000000
1164,000000;2,671000;0,000000
1167,000000;2,671000;0,000000
1170,000000;2,671000;0,000000
1173,000000;2,672000;0,000000
1176,000000;2,671000;0,000000
1179,000000;2,671000;0,000000
1182,000000;2,671000;0,000000
1185,000000;2,671000;0,000000
1188,000000;2,671000;0,000000
1191,000000;2,671000;0,000000
1194,000000;2,671000;0,000000
1197,000000;2,671000;0,000000
1200,000000;2,671000;0,000000
1203,000000;2,671000;0,000000
1206,000000;2,671000;0,000000
1209,000000;2,671000;0,000000
1212,000000;2,671000;0,000000
1215,000000;2,671000;0,000000
1218,000000;2,671000;0,000000
1221,000000;2,671000;0,000000
1224,000000;2,671000;0,000000
1227,000000;2,671000;0,000000
1230,000000;2,671000;0,000000
1233,000000;2,672000;0,000000
1236,000000;2,671000;0,000000
1239,000000;2,671000;0,000000
1242,000000;2,671000;0,000000
1245,000000;2,671000;0,000000
1248,000000;2,671000;0,000000
1251,000000;2,671000;0,000000
1254,000000;2,671000;0,000000
1257,000000;2,671000;0,000000
1260,000000;2,671000;0,000000
1263,000000;2,671000;0,000000
1266,000000;2,671000;0,000000
1269,000000;2,671000;0,000000
1272,000000;2,671000;0,000000
1275,000000;2,671000;0,000000
1278,000000;2,671000;0,000000
1281,000000;2,671000;0,000000
1284,000000;2,671000;0,000000
1287,000000;2,671000;0,000000
1290,000000;2,671000;0,000000
1293,000000;2,671000;0,000000
1296,000000;2,671000;0,000000
1299,000000;2,671000;0,000000
1302,000000;2,671000;0,000000
1305,000000;2,671000;0,000000
1308,000000;2,671000;0,000000
1311,000000;2,671000;0,000000
1314,000000;2,671000;0,000000
1317,000000;2,671000;0,000000
1320,000000;2,671000;0,000000
1323,000000;2,671000;0,000000
1326,000000;2,671000;0,000000
1329,000000;2,671000;0,000000
1332,000000;2,671000;0,000000
1335,000000;2,672000;0,000000
1338,000000;2,671000;0,000000
1341,000000;2,671000;0,000000
1344,000000;2,671000;0,000000
1347,000000;2,671000;0,000000
1350,000000;2,671000;0,000000
1353,000000;2,671000;0,000000
1356,000000;2,671000;0,000000
1359,000000;2,671000;0,000000
1362,000000;2,671000;0,000000
1365,000000;2,671000;0,000000
1368,000000;2,671000;0,000000
1371,000000;2,671000;0,000000
1374,000000;2,671000;0,000000
1377,000000;2,671000;0,000000
1380,000000;2,671000;0,000000
1383,000000;2,671000;0,000000
1386,000000;2,671000;0,000000
1389,000000;2,671000;0,000000
1392,000000;2,671000;0,000000
1395,000000;2,671000;0,000000
1398,000000;2,671000;0,000000
1401,000000;2,671000;0,000000
1404,000000;2,671000;0,000000
1407,000000;2,671000;0,000000
1410,000000;2,671000;0,000000
1413,000000;2,671000;0,000000
1416,000000;2,671000;0,000000
1419,000000;2,671000;0,000000
1422,000000;2,671000;0,000000
1425,000000;2,671000;0,000000
1428,000000;2,671000;0,000000
1431,000000;2,671000;0,000000
1434,000000;2,671000;0,000000
1437,000000;2,671000;0,000000
1440,000000;2,671000;0,000000
1443,000000;2,671000;0,000000
1446,000000;2,671000;0,000000
1449,000000;2,671000;0,000000
1452,000000;2,671000;0,000000
1455,000000;2,671000;0,000000
1458,000000;2,671000;0,000000
1461,000000;2,671000;0,000000
1464,000000;2,671000;0,000000
1467,000000;2,671000;0,000000
1470,000000;2,671000;0,000000
1473,000000;2,671000;0,000000
1476,000000;2,671000;0,000000
1479,000000;2,671000;0,000000
1482,000000;2,671000;0,000000
1485,000000;2,671000;0,000000
1488,000000;2,671000;0,000000
1491,000000;2,671000;0,000000
1494,000000;2,671000;0,000000
1497,000000;2,671000;0,000000
1500,000000;2,671000;0,000000
1503,000000;2,671000;0,000000
1506,000000;2,671000;0,000000
1509,000000;2,671000;0,000000
1512,000000;2,671000;0,000000
1515,000000;2,671000;0,000000
1518,000000;2,671000;0,000000
1521,000000;2,671000;0,000000
1524,000000;2,671000;0,000000
1527,000000;2,671000;0,000000
1530,000000;2,671000;0,000000
1533,000000;2,671000;0,000000
1536,000000;2,671000;0,000000
1539,000000;2,671000;0,000000
1542,000000;2,671000;0,000000
1545,000000;2,671000;0,000000
1548,000000;2,671000;0,000000
1551,000000;2,671000;0,000000
1554,000000;2,671000;0,000000
1557,000000;2,671000;0,000000
1560,000000;2,671000;0,000000
1563,000000;2,671000;0,000000
1566,000000;2,671000;0,000000
1569,000000;2,671000;0,000000
1572,000000;2,671000;0,000000
1575,000000;2,671000;0,000000
1578,000000;2,671000;0,000000
1581,000000;2,672000;0,000000
1584,000000;2,672000;0,000000
1587,000000;2,672000;0,000000
1590,000000;2,671000;0,000000
1593,000000;2,671000;0,000000
1596,000000;2,671000;0,000000
1599,000000;2,671000;0,000000
1602,000000;2,672000;0,000000
1605,000000;2,672000;0,000000
1608,000000;2,671000;0,000000
1611,000000;2,671000;0,000000
1614,000000;2,671000;0,000000
1617,000000;2,671000;0,000000
1620,000000;2,671000;0,000000
1623,000000;2,671000;0,000000
1626,000000;2,671000;0,000000
1629,000000;2,671000;0,000000
1632,000000;2,671000;0,000000
1635,000000;2,671000;0,000000
1638,000000;2,671000;0,000000
1641,000000;2,671000;0,000000
1644,000000;2,671000;0,000000
1647,000000;2,671000;0,000000
1650,000000;2,671000;0,000000
1653,000000;2,671000;0,000000
1656,000000;2,671000;0,000000
1659,000000;2,671000;0,000000
1662,000000;2,671000;0,000000
1665,000000;2,671000;0,000000
1668,000000;2,671000;0,000000
1671,000000;2,671000;0,000000
1674,000000;2,671000;0,000000
1677,000000;2,671000;0,000000
1680,000000;2,671000;0,000000
1683,000000;2,671000;0,000000
1686,000000;2,671000;0,000000
1689,000000;2,671000;0,000000
1692,000000;2,671000;0,000000
1695,000000;2,671000;0,000000
1698,000000;2,671000;0,000000
1701,000000;2,672000;0,000000
1704,000000;2,672000;0,000000
1707,000000;2,671000;0,000000
1710,000000;2,671000;0,000000
1713,000000;2,671000;0,000000
1716,000000;2,671000;0,000000
1719,000000;2,671000;0,000000
1722,000000;2,672000;0,000000
1725,000000;2,672000;0,000000
1728,000000;2,671000;0,000000
1731,000000;2,671000;0,000000
1734,000000;2,671000;0,000000
1737,000000;2,671000;0,000000
1740,000000;2,671000;0,000000
1743,000000;2,671000;0,000000
1746,000000;2,671000;0,000000
1749,000000;2,671000;0,000000
1752,000000;2,671000;0,000000
1755,000000;2,671000;0,000000
1758,000000;2,671000;0,000000
1761,000000;2,671000;0,000000
1764,000000;2,671000;0,000000
1767,000000;2,671000;0,000000
1770,000000;2,671000;0,000000
1773,000000;2,671000;0,000000
1776,000000;2,671000;0,000000
1779,000000;2,671000;0,000000
1782,000000;2,671000;0,000000
1785,000000;2,671000;0,000000
1788,000000;2,671000;0,000000
1791,000000;2,671000;0,000000
1794,000000;2,671000;0,000000
1797,000000;2,671000;0,000000
1800,000000;2,671000;0,000000
1803,000000;2,671000;0,000000
1806,000000;2,671000;0,000000
1809,000000;2,672000;0,000000
1812,000000;2,672000;0,000000
1815,000000;2,671000;0,000000
1818,000000;2,671000;0,000000
1821,000000;2,671000;0,000000
1824,000000;2,671000;0,000000
1827,000000;2,671000;0,000000
1830,000000;2,671000;0,000000
1833,000000;2,671000;0,000000
1836,000000;2,671000;0,000000
1839,000000;2,671000;0,000000
1842,000000;2,671000;0,000000
1845,000000;2,671000;0,000000
1848,000000;2,671000;0,000000
1851,000000;2,671000;0,000000
1854,000000;2,671000;0,000000
1857,000000;2,671000;0,000000
1860,000000;2,671000;0,000000
1863,000000;2,671000;0,000000
1866,000000;2,671000;0,000000
1869,000000;2,672000;0,000000
1872,000000;2,674000;1,000000
1875,000000;2,677000;1,000000
1878,000000;2,681000;1,000000
1881,000000;2,688000;1,000000
1884,000000;2,697000;1,000000
1887,000000;2,708000;1,000000
1890,000000;2,722000;1,000000
1893,000000;2,737000;1,000000
1896,000000;2,755000;1,000000
1899,000000;2,776000;1,000000
1902,000000;2,804000;1,000000
1905,000000;2,843000;1,000000
1908,000000;2,896000;1,000000
1911,000000;2,963000;1,000000
1914,000000;3,047000;1,000000
1917,000000;3,148000;1,000000
1920,000000;3,266000;1,000000
1923,000000;3,404000;1,000000
1926,000000;3,560000;1,000000
1929,000000;3,736000;1,000000
1932,000000;3,930000;1,000000
1935,000000;4,144000;1,000000
1938,000000;4,376000;1,000000
1941,000000;4,625000;1,000000
1944,000000;4,891000;1,000000
1947,000000;5,173000;1,000000
1950,000000;5,468000;1,000000
1953,000000;5,777000;1,000000
1956,000000;6,098000;1,000000
1959,000000;6,429000;1,000000
1962,000000;6,768000;1,000000
1965,000000;7,114000;1,000000
1968,000000;7,466000;1,000000
1971,000000;7,822000;1,000000
1974,000000;8,181000;1,000000
1977,000000;8,542000;1,000000
1980,000000;8,903000;1,000000
1983,000000;9,264000;1,000000
1986,000000;9,625000;1,000000
1989,000000;9,984000;1,000000
1992,000000;10,342000;1,000000
1995,000000;10,700000;1,000000
1998,000000;11,056000;1,000000
2001,000000;11,413000;1,000000
2004,000000;11,770000;1,000000
2007,000000;12,130000;1,000000
2010,000000;12,492000;1,000000
2013,000000;12,859000;1,000000
2016,000000;13,231000;1,000000
2019,000000;13,609000;1,000000
2022,000000;13,995000;1,000000
2025,000000;14,390000;1,000000
2028,000000;14,795000;1,000000
2031,000000;15,213000;1,000000
2034,000000;15,643000;1,000000
2037,000000;16,089000;1,000000
2040,000000;16,550000;1,000000
2043,000000;17,028000;1,000000
2046,000000;17,525000;1,000000
2049,000000;18,039000;1,000000
2052,000000;18,572000;1,000000
2055,000000;19,125000;1,000000
2058,000000;19,696000;1,000000
2061,000000;20,286000;1,000000
2064,000000;20,894000;1,000000
2067,000000;21,519000;1,000000
2070,000000;22,160000;1,000000
2073,000000;22,815000;1,000000
2076,000000;23,485000;1,000000
2079,000000;24,168000;1,000000
2082,000000;24,862000;1,000000
2085,000000;25,567000;1,000000
2088,000000;26,281000;1,000000
2091,000000;27,001000;1,000000
2094,000000;27,725000;1,000000
2097,000000;28,450000;1,000000
2100,000000;29,172000;1,000000
2103,000000;29,888000;1,000000
2106,000000;30,594000;1,000000
2109,000000;31,287000;1,000000
2112,000000;31,966000;1,000000
2115,000000;32,627000;1,000000
2118,000000;33,271000;1,000000
2121,000000;33,895000;1,000000
2124,000000;34,500000;1,000000
2127,000000;35,086000;1,000000
2130,000000;35,653000;1,000000
2133,000000;36,204000;1,000000
2136,000000;36,740000;1,000000
2139,000000;37,265000;1,000000
2142,000000;37,780000;1,000000
2145,000000;38,289000;1,000000
2148,000000;38,794000;1,000000
2151,000000;39,297000;1,000000
2154,000000;39,801000;1,000000
2157,000000;40,307000;1,000000
2160,000000;40,816000;1,000000
2163,000000;41,331000;1,000000
2166,000000;41,852000;1,000000
2169,000000;42,381000;1,000000
2172,000000;42,917000;1,000000
2175,000000;43,461000;1,000000
2178,000000;44,013000;1,000000
2181,000000;44,572000;1,000000
2184,000000;45,138000;1,000000
2187,000000;45,710000;1,000000
2190,000000;46,285000;1,000000
2193,000000;46,862000;1,000000
2196,000000;47,439000;1,000000
2199,000000;48,013000;1,000000
2202,000000;48,583000;1,000000
2205,000000;49,145000;1,000000
2208,000000;49,699000;1,000000
2211,000000;50,241000;1,000000
2214,000000;50,769000;1,000000
2217,000000;51,282000;1,000000
2220,000000;51,777000;1,000000
2223,000000;52,252000;1,000000
2226,000000;52,704000;1,000000
2229,000000;53,135000;1,000000
2232,000000;53,544000;1,000000
2235,000000;53,930000;1,000000
2238,000000;54,296000;1,000000
2241,000000;54,642000;1,000000
2244,000000;54,967000;1,000000
2247,000000;55,275000;1,000000
2250,000000;55,568000;1,000000
2253,000000;55,852000;1,000000
2256,000000;56,128000;1,000000
2259,000000;56,399000;1,000000
2262,000000;56,666000;1,000000
2265,000000;56,931000;1,000000
2268,000000;57,196000;1,000000
2271,000000;57,462000;1,000000
2274,000000;57,729000;1,000000
2277,000000;57,998000;1,000000
2280,000000;58,270000;1,000000
2283,000000;58,543000;1,000000
2286,000000;58,818000;1,000000
2289,000000;59,094000;1,000000
2292,000000;59,371000;1,000000
2295,000000;59,647000;1,000000
2298,000000;59,921000;1,000000
2301,000000;60,192000;1,000000
2304,000000;60,459000;1,000000
2307,000000;60,720000;1,000000
2310,000000;60,974000;1,000000
2313,000000;61,219000;1,000000
2316,000000;61,455000;1,000000
2319,000000;61,680000;1,000000
2322,000000;61,892000;1,000000
2325,000000;62,092000;1,000000
2328,000000;62,278000;1,000000
2331,000000;62,449000;1,000000
2334,000000;62,606000;1,000000
2337,000000;62,747000;1,000000
2340,000000;62,872000;1,000000
2343,000000;62,980000;1,000000
2346,000000;63,072000;1,000000
2349,000000;63,148000;1,000000
2352,000000;63,206000;1,000000
2355,000000;63,248000;1,000000
2358,000000;63,272000;1,000000
2361,000000;63,279000;1,000000
2364,000000;63,272000;1,000000
2367,000000;63,252000;1,000000
2370,000000;63,222000;1,000000
2373,000000;63,184000;1,000000
2376,000000;63,138000;1,000000
2379,000000;63,088000;1,000000
2382,000000;63,034000;1,000000
2385,000000;62,977000;1,000000
2388,000000;62,918000;1,000000
2391,000000;62,857000;1,000000
2394,000000;62,795000;1,000000
2397,000000;62,730000;1,000000
2400,000000;62,662000;1,000000
2403,000000;62,588000;1,000000
2406,000000;62,508000;1,000000
2409,000000;62,420000;1,000000
2412,000000;62,326000;1,000000
2415,000000;62,221000;1,000000
2418,000000;62,108000;1,000000
2421,000000;61,984000;1,000000
2424,000000;61,848000;1,000000
2427,000000;61,701000;1,000000
2430,000000;61,541000;1,000000
2433,000000;61,367000;1,000000
2436,000000;61,180000;1,000000
2439,000000;60,979000;1,000000
2442,000000;60,763000;1,000000
2445,000000;60,532000;1,000000
2448,000000;60,286000;1,000000
2451,000000;60,025000;1,000000
2454,000000;59,750000;1,000000
2457,000000;59,460000;1,000000
2460,000000;59,156000;1,000000
2463,000000;58,838000;1,000000
2466,000000;58,507000;1,000000
2469,000000;58,162000;1,000000
2472,000000;57,805000;1,000000
2475,000000;57,436000;1,000000
2478,000000;57,054000;1,000000
2481,000000;56,661000;1,000000
2484,000000;56,257000;1,000000
2487,000000;55,842000;1,000000
2490,000000;55,417000;1,000000
2493,000000;54,984000;1,000000
2496,000000;54,543000;1,000000
2499,000000;54,094000;1,000000
2502,000000;53,639000;1,000000
2505,000000;53,179000;1,000000
2508,000000;52,715000;1,000000
2511,000000;52,249000;1,000000
2514,000000;51,780000;1,000000
2517,000000;51,311000;1,000000
2520,000000;50,841000;1,000000
2523,000000;50,373000;1,000000
2526,000000;49,905000;1,000000
2529,000000;49,439000;1,000000
2532,000000;48,975000;1,000000
2535,000000;48,512000;1,000000
2538,000000;48,050000;1,000000
2541,000000;47,589000;1,000000
2544,000000;47,127000;1,000000
2547,000000;46,664000;1,000000
2550,000000;46,199000;1,000000
2553,000000;45,731000;1,000000
2556,000000;45,258000;1,000000
2559,000000;44,777000;1,000000
2562,000000;44,289000;1,000000
2565,000000;43,790000;1,000000
2568,000000;43,280000;1,000000
2571,000000;42,758000;1,000000
2574,000000;42,224000;1,000000
2577,000000;41,675000;1,000000
2580,000000;41,112000;1,000000
2583,000000;40,536000;1,000000
2586,000000;39,945000;1,000000
2589,000000;39,340000;1,000000
2592,000000;38,723000;1,000000
2595,000000;38,094000;1,000000
2598,000000;37,453000;1,000000
2601,000000;36,802000;1,000000
2604,000000;36,144000;1,000000
2607,000000;35,478000;1,000000
2610,000000;34,807000;1,000000
2613,000000;34,134000;1,000000
2616,000000;33,459000;1,000000
2619,000000;32,785000;1,000000
2622,000000;32,116000;1,000000
2625,000000;31,454000;1,000000
2628,000000;30,800000;1,000000
2631,000000;30,158000;1,000000
2634,000000;29,529000;1,000000
2637,000000;28,914000;1,000000
2640,000000;28,313000;1,000000
2643,000000;27,727000;1,000000
2646,000000;27,155000;1,000000
2649,000000;26,597000;1,000000
2652,000000;26,051000;1,000000
2655,000000;25,515000;1,000000
2658,000000;24,987000;1,000000
2661,000000;24,465000;1,000000
2664,000000;23,947000;1,000000
2667,000000;23,429000;1,000000
2670,000000;22,910000;1,000000
2673,000000;22,387000;1,000000
2676,000000;21,859000;1,000000
2679,000000;21,324000;1,000000
2682,000000;20,783000;1,000000
2685,000000;20,235000;1,000000
2688,000000;19,679000;1,000000
2691,000000;19,116000;1,000000
2694,000000;18,547000;1,000000
2697,000000;17,971000;1,000000
2700,000000;17,390000;1,000000
2703,000000;16,805000;1,000000
2706,000000;16,217000;1,000000
2709,000000;15,627000;1,000000
2712,000000;15,035000;1,000000
2715,000000;14,443000;1,000000
2718,000000;13,855000;1,000000
2721,000000;13,277000;1,000000
2724,000000;12,712000;1,000000
2727,000000;12,165000;1,000000
2730,000000;11,638000;1,000000
2733,000000;11,135000;1,000000
2736,000000;10,657000;1,000000
2739,000000;10,207000;1,000000
2742,000000;9,786000;1,000000
2745,000000;9,395000;1,000000
2748,000000;9,032000;1,000000
2751,000000;8,699000;1,000000
2754,000000;8,394000;1,000000
2757,000000;8,116000;1,000000
2760,000000;7,862000;1,000000
2763,000000;7,630000;1,000000
2766,000000;7,419000;1,000000
2769,000000;7,228000;1,000000
2772,000000;7,055000;1,000000
2775,000000;6,898000;1,000000
2778,000000;6,749000;1,000000
2781,000000;6,605000;1,000000
2784,000000;6,463000;1,000000
2787,000000;6,321000;1,000000
2790,000000;6,176000;1,000000
2793,000000;6,029000;1,000000
2796,000000;5,878000;1,000000
2799,000000;5,721000;1,000000
2802,000000;5,559000;1,000000
2805,000000;5,392000;1,000000
2808,000000;5,220000;1,000000
2811,000000;5,043000;1,000000
2814,000000;4,864000;1,000000
2817,000000;4,681000;1,000000
2820,000000;4,498000;1,000000
2823,000000;4,314000;1,000000
2826,000000;4,133000;1,000000
2829,000000;3,954000;1,000000
2832,000000;3,780000;1,000000
2835,000000;3,612000;1,000000
2838,000000;3,452000;1,000000
2841,000000;3,303000;1,000000
2844,000000;3,164000;1,000000
2847,000000;3,037000;1,000000
2850,000000;2,924000;1,000000
2853,000000;2,825000;1,000000
2856,000000;2,741000;1,000000
2859,000000;2,673000;1,000000
2862,000000;2,622000;1,000000
2865,000000;2,589000;1,000000
2868,000000;2,571000;1,000000
2871,000000;2,571000;1,000000
2874,000000;2,587000;1,000000
2877,000000;2,616000;1,000000
2880,000000;2,659000;1,000000
2883,000000;2,713000;1,000000
2886,000000;2,776000;1,000000
2889,000000;2,847000;1,000000
2892,000000;2,926000;1,000000
2895,000000;3,010000;1,000000
2898,000000;3,101000;1,000000
2901,000000;3,196000;1,000000
2904,000000;3,297000;1,000000
2907,000000;3,402000;1,000000
2910,000000;3,513000;1,000000
2913,000000;3,627000;1,000000
2916,000000;3,745000;1,000000
2919,000000;3,868000;1,000000
2922,000000;3,996000;1,000000
2925,000000;4,133000;1,000000
2928,000000;4,279000;1,000000
2931,000000;4,437000;1,000000
2934,000000;4,607000;1,000000
2937,000000;4,791000;1,000000
2940,000000;4,987000;1,000000
2943,000000;5,196000;1,000000
2946,000000;5,419000;1,000000
2949,000000;5,655000;1,000000
2952,000000;5,905000;1,000000
2955,000000;6,168000;1,000000
2958,000000;6,444000;1,000000
2961,000000;6,732000;1,000000
2964,000000;7,031000;1,000000
2967,000000;7,341000;1,000000
2970,000000;7,661000;1,000000
2973,000000;7,990000;1,000000
2976,000000;8,327000;1,000000
2979,000000;8,670000;1,000000
2982,000000;9,020000;1,000000
2985,000000;9,375000;1,000000
2988,000000;9,735000;1,000000
2991,000000;10,098000;1,000000
2994,000000;10,464000;1,000000
2997,000000;10,833000;1,000000
3000,000000;11,204000;1,000000
3003,000000;11,579000;1,000000
3006,000000;11,957000;1,000000
3009,000000;12,339000;1,000000
3012,000000;12,725000;1,000000
3015,000000;13,116000;1,000000
3018,000000;13,512000;1,000000
3021,000000;13,914000;1,000000
3024,000000;14,324000;1,000000
3027,000000;14,742000;1,000000
3030,000000;15,169000;1,000000
3033,000000;15,608000;1,000000
3036,000000;16,059000;1,000000
3039,000000;16,523000;1,000000
3042,000000;17,001000;1,000000
3045,000000;17,495000;1,000000
3048,000000;18,006000;1,000000
3051,000000;18,533000;1,000000
3054,000000;19,078000;1,000000
3057,000000;19,640000;1,000000
3060,000000;20,219000;1,000000
3063,000000;20,816000;1,000000
3066,000000;21,428000;1,000000
3069,000000;22,056000;1,000000
3072,000000;22,699000;1,000000
3075,000000;23,355000;1,000000
3078,000000;24,025000;1,000000
3081,000000;24,707000;1,000000
3084,000000;25,400000;1,000000
3087,000000;26,103000;1,000000
3090,000000;26,813000;1,000000
3093,000000;27,527000;1,000000
3096,000000;28,245000;1,000000
3099,000000;28,961000;1,000000
3102,000000;29,672000;1,000000
3105,000000;30,375000;1,000000
3108,000000;31,068000;1,000000
3111,000000;31,748000;1,000000
3114,000000;32,411000;1,000000
3117,000000;33,058000;1,000000
3120,000000;33,688000;1,000000
3123,000000;34,298000;1,000000
3126,000000;34,890000;1,000000
3129,000000;35,464000;1,000000
3132,000000;36,021000;1,000000
3135,000000;36,564000;1,000000
3138,000000;37,095000;1,000000
3141,000000;37,616000;1,000000
3144,000000;38,130000;1,000000
3147,000000;38,639000;1,000000
3150,000000;39,145000;1,000000
3153,000000;39,651000;1,000000
3156,000000;40,159000;1,000000
3159,000000;40,670000;1,000000
3162,000000;41,186000;1,000000
3165,000000;41,707000;1,000000
3168,000000;42,235000;1,000000
3171,000000;42,770000;1,000000
3174,000000;43,313000;1,000000
3177,000000;43,863000;1,000000
3180,000000;44,421000;1,000000
3183,000000;44,985000;1,000000
3186,000000;45,555000;1,000000
3189,000000;46,129000;1,000000
3192,000000;46,704000;1,000000
3195,000000;47,280000;1,000000
3198,000000;47,854000;1,000000
3201,000000;48,425000;1,000000
3204,000000;48,988000;1,000000
3207,000000;49,543000;1,000000
3210,000000;50,087000;1,000000
3213,000000;50,618000;1,000000
3216,000000;51,134000;1,000000
3219,000000;51,632000;1,000000
3222,000000;52,110000;1,000000
3225,000000;52,566000;1,000000
3228,000000;53,001000;1,000000
3231,000000;53,413000;1,000000
3234,000000;53,804000;1,000000
3237,000000;54,174000;1,000000
3240,000000;54,524000;1,000000
3243,000000;54,853000;1,000000
3246,000000;55,165000;1,000000
3249,000000;55,462000;1,000000
3252,000000;55,748000;1,000000
3255,000000;56,026000;1,000000
3258,000000;56,298000;1,000000
3261,000000;56,567000;1,000000
3264,000000;56,833000;1,000000
3267,000000;57,099000;1,000000
3270,000000;57,366000;1,000000
3273,000000;57,633000;1,000000
3276,000000;57,903000;1,000000
3279,000000;58,175000;1,000000
3282,000000;58,448000;1,000000
3285,000000;58,724000;1,000000
3288,000000;59,002000;1,000000
3291,000000;59,279000;1,000000
3294,000000;59,557000;1,000000
3297,000000;59,833000;1,000000
3300,000000;60,106000;1,000000
3303,000000;60,375000;1,000000
3306,000000;60,639000;1,000000
3309,000000;60,895000;1,000000
3312,000000;61,144000;1,000000
3315,000000;61,383000;1,000000
3318,000000;61,612000;1,000000
3321,000000;61,828000;1,000000
3324,000000;62,031000;1,000000
3327,000000;62,221000;1,000000
3330,000000;62,397000;1,000000
3333,000000;62,557000;1,000000
3336,000000;62,702000;1,000000
3339,000000;62,831000;1,000000
3342,000000;62,944000;1,000000
3345,000000;63,040000;1,000000
3348,000000;63,119000;1,000000
3351,000000;63,181000;1,000000
3354,000000;63,226000;1,000000
3357,000000;63,254000;1,000000
3360,000000;63,265000;1,000000
3363,000000;63,260000;1,000000
3366,000000;63,243000;1,000000
3369,000000;63,215000;1,000000
3372,000000;63,179000;1,000000
3375,000000;63,136000;1,000000
3378,000000;63,087000;1,000000
3381,000000;63,034000;1,000000
3384,000000;62,978000;1,000000
3387,000000;62,920000;1,000000
3390,000000;62,862000;1,000000
3393,000000;62,802000;1,000000
3396,000000;62,742000;1,000000
3399,000000;62,678000;1,000000
3402,000000;62,610000;1,000000
3405,000000;62,536000;1,000000
3408,000000;62,454000;1,000000
3411,000000;62,365000;1,000000
3414,000000;62,266000;1,000000
3417,000000;62,158000;1,000000
3420,000000;62,039000;1,000000
3423,000000;61,908000;1,000000
3426,000000;61,766000;1,000000
3429,000000;61,610000;1,000000
3432,000000;61,441000;1,000000
3435,000000;61,258000;1,000000
3438,000000;61,060000;1,000000
3441,000000;60,848000;1,000000
3444,000000;60,620000;1,000000
3447,000000;60,378000;1,000000
3450,000000;60,121000;1,000000
3453,000000;59,849000;1,000000
3456,000000;59,562000;1,000000
3459,000000;59,261000;1,000000
3462,000000;58,946000;1,000000
3465,000000;58,618000;1,000000
3468,000000;58,276000;1,000000
3471,000000;57,921000;1,000000
3474,000000;57,554000;1,000000
3477,000000;57,176000;1,000000
3480,000000;56,785000;1,000000
3483,000000;56,385000;1,000000
3486,000000;55,973000;1,000000
3489,000000;55,552000;1,000000
3492,000000;55,122000;1,000000
3495,000000;54,683000;1,000000
3498,000000;54,238000;1,000000
3501,000000;53,785000;1,000000
3504,000000;53,328000;1,000000
3507,000000;52,866000;1,000000
3510,000000;52,401000;1,000000
3513,000000;51,935000;1,000000
3516,000000;51,466000;1,000000
3519,000000;50,997000;1,000000
3522,000000;50,529000;1,000000
3525,000000;50,061000;1,000000
3528,000000;49,595000;1,000000
3531,000000;49,130000;1,000000
3534,000000;48,667000;1,000000
3537,000000;48,205000;1,000000
3540,000000;47,743000;1,000000
3543,000000;47,282000;1,000000
3546,000000;46,820000;1,000000
3549,000000;46,355000;1,000000
3552,000000;45,888000;1,000000
3555,000000;45,416000;1,000000
3558,000000;44,938000;1,000000
3561,000000;44,452000;1,000000
3564,000000;43,957000;1,000000
3567,000000;43,451000;1,000000
3570,000000;42,934000;1,000000
3573,000000;42,404000;1,000000
3576,000000;41,860000;1,000000
3579,000000;41,303000;1,000000
3582,000000;40,731000;1,000000
3585,000000;40,146000;1,000000
3588,000000;39,546000;1,000000
3591,000000;38,934000;1,000000
3594,000000;38,309000;1,000000
3597,000000;37,672000;1,000000
3600,000000;37,026000;1,000000
3603,000000;36,370000;1,000000
3606,000000;35,706000;1,000000
3609,000000;35,037000;1,000000
3612,000000;34,364000;1,000000
3615,000000;33,689000;1,000000
3618,000000;33,015000;1,000000
3621,000000;32,344000;1,000000
3624,000000;31,678000;1,000000
3627,000000;31,021000;1,000000
3630,000000;30,375000;1,000000
3633,000000;29,741000;1,000000
3636,000000;29,120000;1,000000
3639,000000;28,514000;1,000000
3642,000000;27,923000;1,000000
3645,000000;27,346000;1,000000
3648,000000;26,782000;1,000000
3651,000000;26,232000;1,000000
3654,000000;25,693000;1,000000
3657,000000;25,163000;1,000000
3660,000000;24,639000;1,000000
3663,000000;24,120000;1,000000
3666,000000;23,602000;1,000000
3669,000000;23,083000;1,000000
3672,000000;22,562000;1,000000
3675,000000;22,036000;1,000000
3678,000000;21,504000;1,000000
3681,000000;20,965000;1,000000
3684,000000;20,419000;1,000000
3687,000000;19,865000;1,000000
3690,000000;19,304000;1,000000
3693,000000;18,737000;1,000000
3696,000000;18,162000;1,000000
3699,000000;17,583000;1,000000
3702,000000;16,999000;1,000000
3705,000000;16,412000;1,000000
3708,000000;15,822000;1,000000
3711,000000;15,230000;1,000000
3714,000000;14,638000;1,000000
3717,000000;14,049000;1,000000
3720,000000;13,467000;1,000000
3723,000000;12,897000;1,000000
3726,000000;12,344000;1,000000
3729,000000;11,810000;1,000000
3732,000000;11,299000;1,000000
3735,000000;10,814000;1,000000
3738,000000;10,355000;1,000000
3741,000000;9,925000;1,000000
3744,000000;9,524000;1,000000
3747,000000;9,152000;1,000000
3750,000000;8,810000;1,000000
3753,000000;8,495000;1,000000
3756,000000;8,208000;1,000000
3759,000000;7,946000;1,000000
3762,000000;7,706000;1,000000
3765,000000;7,488000;1,000000
3768,000000;7,290000;1,000000
3771,000000;7,111000;1,000000
3774,000000;6,949000;1,000000
3777,000000;6,797000;1,000000
3780,000000;6,652000;1,000000
3783,000000;6,509000;1,000000
3786,000000;6,367000;1,000000
3789,000000;6,224000;1,000000
3792,000000;6,079000;1,000000
3795,000000;5,929000;1,000000
3798,000000;5,774000;1,000000
3801,000000;5,614000;1,000000
3804,000000;5,449000;1,000000
3807,000000;5,279000;1,000000
3810,000000;5,104000;1,000000
3813,000000;4,926000;1,000000
3816,000000;4,744000;1,000000
3819,000000;4,561000;1,000000
3822,000000;4,377000;1,000000
3825,000000;4,194000;1,000000
3828,000000;4,014000;1,000000
3831,000000;3,838000;1,000000
3834,000000;3,669000;1,000000
3837,000000;3,506000;1,000000
3840,000000;3,352000;1,000000
3843,000000;3,209000;1,000000
3846,000000;3,079000;1,000000
3849,000000;2,960000;1,000000
3852,000000;2,857000;1,000000
3855,000000;2,768000;1,000000
3858,000000;2,695000;1,000000
3861,000000;2,638000;1,000000
3864,000000;2,599000;1,000000
3867,000000;2,576000;1,000000
3870,000000;2,571000;1,000000
3873,000000;2,581000;1,000000
3876,000000;2,607000;1,000000
3879,000000;2,645000;1,000000
3882,000000;2,696000;1,000000
3885,000000;2,756000;1,000000
3888,000000;2,824000;1,000000
3891,000000;2,900000;1,000000
3894,000000;2,983000;1,000000
3897,000000;3,071000;1,000000
3900,000000;3,165000;1,000000
3903,000000;3,264000;1,000000
3906,000000;3,368000;1,000000
3909,000000;3,477000;1,000000
3912,000000;3,590000;1,000000
3915,000000;3,707000;1,000000
3918,000000;3,828000;1,000000
3921,000000;3,954000;1,000000
3924,000000;4,087000;1,000000
3927,000000;4,230000;1,000000
3930,000000;4,384000;1,000000
3933,000000;4,549000;1,000000
3936,000000;4,728000;1,000000
3939,000000;4,919000;1,000000
3942,000000;5,123000;1,000000
3945,000000;5,341000;1,000000
3948,000000;5,573000;1,000000
3951,000000;5,818000;1,000000
3954,000000;6,077000;1,000000
3957,000000;6,348000;1,000000
3960,000000;6,633000;1,000000
3963,000000;6,929000;1,000000
3966,000000;7,236000;1,000000
3969,000000;7,553000;1,000000
3972,000000;7,879000;1,000000
3975,000000;8,213000;1,000000
3978,000000;8,555000;1,000000
3981,000000;8,903000;1,000000
3984,000000;9,257000;1,000000
3987,000000;9,616000;1,000000
3990,000000;9,977000;1,000000
3993,000000;10,342000;1,000000
3996,000000;10,711000;1,000000
3999,000000;11,082000;1,000000
4002,000000;11,456000;1,000000
4005,000000;11,833000;1,000000
4008,000000;12,215000;1,000000
4011,000000;12,599000;1,000000
4014,000000;12,989000;1,000000
4017,000000;13,384000;1,000000
4020,000000;13,785000;1,000000
4023,000000;14,192000;1,000000
4026,000000;14,607000;1,000000
4029,000000;15,032000;1,000000
4032,000000;15,467000;1,000000
4035,000000;15,913000;1,000000
4038,000000;16,373000;1,000000
4041,000000;16,846000;1,000000
4044,000000;17,335000;1,000000
4047,000000;17,839000;1,000000
4050,000000;18,360000;1,000000
4053,000000;18,898000;1,000000
4056,000000;19,454000;1,000000
4059,000000;20,027000;1,000000
4062,000000;20,617000;1,000000
4065,000000;21,224000;1,000000
4068,000000;21,846000;1,000000
4071,000000;22,483000;1,000000
4074,000000;23,135000;1,000000
4077,000000;23,799000;1,000000
4080,000000;24,477000;1,000000
4083,000000;25,165000;1,000000
4086,000000;25,865000;1,000000
4089,000000;26,573000;1,000000
4092,000000;27,286000;1,000000
4095,000000;28,003000;1,000000
4098,000000;28,720000;1,000000
4101,000000;29,434000;1,000000
4104,000000;30,140000;1,000000
4107,000000;30,837000;1,000000
4110,000000;31,522000;1,000000
4113,000000;32,191000;1,000000
4116,000000;32,844000;1,000000
4119,000000;33,480000;1,000000
4122,000000;34,097000;1,000000
4125,000000;34,695000;1,000000
4128,000000;35,275000;1,000000
4131,000000;35,838000;1,000000
4134,000000;36,386000;1,000000
4137,000000;36,921000;1,000000
4140,000000;37,445000;1,000000
4143,000000;37,961000;1,000000
4146,000000;38,472000;1,000000
4149,000000;38,979000;1,000000
4152,000000;39,486000;1,000000
4155,000000;39,993000;1,000000
4158,000000;40,503000;1,000000
4161,000000;41,017000;1,000000
4164,000000;41,536000;1,000000
4167,000000;42,062000;1,000000
4170,000000;42,594000;1,000000
4173,000000;43,134000;1,000000
4176,000000;43,682000;1,000000
4179,000000;44,237000;1,000000
4182,000000;44,799000;1,000000
4185,000000;45,367000;1,000000
4188,000000;45,940000;1,000000
4191,000000;46,515000;1,000000
4194,000000;47,091000;1,000000
4197,000000;47,665000;1,000000
4200,000000;48,237000;1,000000
4203,000000;48,802000;1,000000
4206,000000;49,360000;1,000000
4209,000000;49,908000;1,000000
4212,000000;50,443000;1,000000
4215,000000;50,964000;1,000000
4218,000000;51,467000;1,000000
4221,000000;51,952000;1,000000
4224,000000;52,415000;1,000000
4227,000000;52,856000;1,000000
4230,000000;53,275000;1,000000
4233,000000;53,673000;1,000000
4236,000000;54,049000;1,000000
4239,000000;54,405000;1,000000
4242,000000;54,741000;1,000000
4245,000000;55,057000;1,000000
4248,000000;55,358000;1,000000
4251,000000;55,647000;1,000000
4254,000000;55,927000;1,000000
4257,000000;56,201000;1,000000
4260,000000;56,471000;1,000000
4263,000000;56,738000;1,000000
4266,000000;57,004000;1,000000
4269,000000;57,271000;1,000000
4272,000000;57,538000;1,000000
4275,000000;57,808000;1,000000
4278,000000;58,079000;1,000000
4281,000000;58,353000;1,000000
4284,000000;58,629000;1,000000
4287,000000;58,906000;1,000000
4290,000000;59,185000;1,000000
4293,000000;59,463000;1,000000
4296,000000;59,740000;1,000000
4299,000000;60,014000;1,000000
4302,000000;60,285000;1,000000
4305,000000;60,551000;1,000000
4308,000000;60,811000;1,000000
4311,000000;61,063000;1,000000
4314,000000;61,306000;1,000000
4317,000000;61,538000;1,000000
4320,000000;61,759000;1,000000
4323,000000;61,967000;1,000000
4326,000000;62,162000;1,000000
4329,000000;62,343000;1,000000
4332,000000;62,509000;1,000000
4335,000000;62,660000;1,000000
4338,000000;62,795000;1,000000
4341,000000;62,914000;1,000000
4344,000000;63,017000;1,000000
4347,000000;63,103000;1,000000
4350,000000;63,172000;1,000000
4353,000000;63,225000;1,000000
4356,000000;63,260000;1,000000
4359,000000;63,277000;1,000000
4362,000000;63,279000;1,000000
4365,000000;63,266000;1,000000
4368,000000;63,242000;1,000000
4371,000000;63,209000;1,000000
4374,000000;63,167000;1,000000
4377,000000;63,120000;1,000000
4380,000000;63,069000;1,000000
4383,000000;63,014000;1,000000
4386,000000;62,956000;1,000000
4389,000000;62,898000;1,000000
4392,000000;62,837000;1,000000
4395,000000;62,775000;1,000000
4398,000000;62,710000;1,000000
4401,000000;62,641000;1,000000
4404,000000;62,566000;1,000000
4407,000000;62,484000;1,000000
4410,000000;62,394000;1,000000
4413,000000;62,297000;1,000000
4416,000000;62,191000;1,000000
4419,000000;62,074000;1,000000
4422,000000;61,946000;1,000000
4425,000000;61,807000;1,000000
4428,000000;61,655000;1,000000
4431,000000;61,490000;1,000000
4434,000000;61,312000;1,000000
4437,000000;61,120000;1,000000
4440,000000;60,913000;1,000000
4443,000000;60,691000;1,000000
4446,000000;60,455000;1,000000
4449,000000;60,204000;1,000000
4452,000000;59,938000;1,000000
4455,000000;59,657000;1,000000
4458,000000;59,362000;1,000000
4461,000000;59,053000;1,000000
4464,000000;58,730000;1,000000
4467,000000;58,393000;1,000000
4470,000000;58,044000;1,000000
4473,000000;57,682000;1,000000
4476,000000;57,307000;1,000000
4479,000000;56,921000;1,000000
4482,000000;56,524000;1,000000
4485,000000;56,116000;1,000000
4488,000000;55,698000;1,000000
4491,000000;55,271000;1,000000
4494,000000;54,835000;1,000000
4497,000000;54,391000;1,000000
4500,000000;53,940000;1,000000
4503,000000;53,484000;1,000000
4506,000000;53,022000;1,000000
4509,000000;52,557000;1,000000
4512,000000;52,090000;1,000000
4515,000000;51,622000;1,000000
4518,000000;51,152000;1,000000
4521,000000;50,684000;1,000000
4524,000000;50,216000;1,000000
4527,000000;49,749000;1,000000
4530,000000;49,285000;1,000000
4533,000000;48,822000;1,000000
4536,000000;48,360000;1,000000
4539,000000;47,899000;1,000000
4542,000000;47,439000;1,000000
4545,000000;46,978000;1,000000
4548,000000;46,515000;1,000000
4551,000000;46,049000;1,000000
4554,000000;45,580000;1,000000
4557,000000;45,104000;1,000000
4560,000000;44,621000;1,000000
4563,000000;44,130000;1,000000
4566,000000;43,628000;1,000000
4569,000000;43,115000;1,000000
4572,000000;42,589000;1,000000
4575,000000;42,049000;1,000000
4578,000000;41,496000;1,000000
4581,000000;40,928000;1,000000
4584,000000;40,346000;1,000000
4587,000000;39,750000;1,000000
4590,000000;39,141000;1,000000
4593,000000;38,519000;1,000000
4596,000000;37,885000;1,000000
4599,000000;37,240000;1,000000
4602,000000;36,586000;1,000000
4605,000000;35,925000;1,000000
4608,000000;35,258000;1,000000
4611,000000;34,586000;1,000000
4614,000000;33,911000;1,000000
4617,000000;33,236000;1,000000
4620,000000;32,564000;1,000000
4623,000000;31,898000;1,000000
4626,000000;31,238000;1,000000
4629,000000;30,588000;1,000000
4632,000000;29,951000;1,000000
4635,000000;29,326000;1,000000
4638,000000;28,715000;1,000000
4641,000000;28,119000;1,000000
4644,000000;27,538000;1,000000
4647,000000;26,971000;1,000000
4650,000000;26,416000;1,000000
4653,000000;25,874000;1,000000
4656,000000;25,340000;1,000000
4659,000000;24,814000;1,000000
4662,000000;24,294000;1,000000
4665,000000;23,776000;1,000000
4668,000000;23,257000;1,000000
4671,000000;22,737000;1,000000
4674,000000;22,213000;1,000000
4677,000000;21,683000;1,000000
4680,000000;21,147000;1,000000
4683,000000;20,603000;1,000000
4686,000000;20,053000;1,000000
4689,000000;19,495000;1,000000
4692,000000;18,930000;1,000000
4695,000000;18,359000;1,000000
4698,000000;17,781000;1,000000
4701,000000;17,199000;1,000000
4704,000000;16,614000;1,000000
4707,000000;16,025000;1,000000
4710,000000;15,435000;1,000000
4713,000000;14,843000;1,000000
4716,000000;14,252000;1,000000
4719,000000;13,667000;1,000000
4722,000000;13,093000;1,000000
4725,000000;12,534000;1,000000
4728,000000;11,993000;1,000000
4731,000000;11,474000;1,000000
4734,000000;10,980000;1,000000
4737,000000;10,511000;1,000000
4740,000000;10,071000;1,000000
4743,000000;9,659000;1,000000
4746,000000;9,277000;1,000000
4749,000000;8,925000;1,000000
4752,000000;8,600000;1,000000
4755,000000;8,303000;1,000000
4758,000000;8,033000;1,000000
4761,000000;7,785000;1,000000
4764,000000;7,560000;1,000000
4767,000000;7,354000;1,000000
4770,000000;7,169000;1,000000
4773,000000;7,001000;1,000000
4776,000000;6,846000;1,000000
4779,000000;6,699000;1,000000
4782,000000;6,556000;1,000000
4785,000000;6,414000;1,000000
4788,000000;6,271000;1,000000
4791,000000;6,127000;1,000000
4794,000000;5,979000;1,000000
4797,000000;5,826000;1,000000
4800,000000;5,669000;1,000000
4803,000000;5,506000;1,000000
4806,000000;5,338000;1,000000
4809,000000;5,166000;1,000000
4812,000000;4,989000;1,000000
4815,000000;4,809000;1,000000
4818,000000;4,627000;1,000000
4821,000000;4,444000;1,000000
4824,000000;4,262000;1,000000
4827,000000;4,081000;1,000000
4830,000000;3,905000;1,000000
4833,000000;3,733000;1,000000
4836,000000;3,569000;1,000000
4839,000000;3,412000;1,000000
4842,000000;3,266000;1,000000
4845,000000;3,130000;1,000000
4848,000000;3,007000;1,000000
4851,000000;2,898000;1,000000
4854,000000;2,804000;1,000000
4857,000000;2,725000;1,000000
4860,000000;2,662000;1,000000
4863,000000;2,616000;1,000000
4866,000000;2,586000;1,000000
4869,000000;2,574000;1,000000
4872,000000;2,578000;1,000000
4875,000000;2,598000;1,000000
4878,000000;2,631000;1,000000
4881,000000;2,677000;1,000000
4884,000000;2,734000;1,000000
4887,000000;2,800000;1,000000
4890,000000;2,873000;1,000000
4893,000000;2,953000;1,000000
4896,000000;3,040000;1,000000
4899,000000;3,132000;1,000000
4902,000000;3,229000;1,000000
4905,000000;3,332000;1,000000
4908,000000;3,440000;1,000000
4911,000000;3,552000;1,000000
4914,000000;3,668000;1,000000
4917,000000;3,789000;1,000000
4920,000000;3,913000;1,000000
4923,000000;4,044000;1,000000
4926,000000;4,184000;1,000000
4929,000000;4,335000;1,000000
4932,000000;4,497000;1,000000
4935,000000;4,672000;1,000000
4938,000000;4,860000;1,000000
4941,000000;5,060000;1,000000
4944,000000;5,274000;1,000000
4947,000000;5,502000;1,000000
4950,000000;5,743000;1,000000
4953,000000;5,997000;1,000000
4956,000000;6,264000;1,000000
4959,000000;6,544000;1,000000
4962,000000;6,835000;1,000000
4965,000000;7,138000;1,000000
4968,000000;7,451000;1,000000
4971,000000;7,774000;1,000000
4974,000000;8,105000;1,000000
4977,000000;8,444000;1,000000
4980,000000;8,789000;1,000000
4983,000000;9,140000;1,000000
4986,000000;9,496000;1,000000
4989,000000;9,856000;1,000000
4992,000000;10,219000;1,000000
4995,000000;10,586000;1,000000
4998,000000;10,956000;1,000000
5001,000000;11,328000;1,000000
5004,000000;11,704000;1,000000
5007,000000;12,084000;1,000000
5010,000000;12,467000;1,000000
5013,000000;12,855000;1,000000
5016,000000;13,248000;1,000000
5019,000000;13,648000;1,000000
5022,000000;14,053000;1,000000
5025,000000;14,466000;1,000000
5028,000000;14,888000;1,000000
5031,000000;15,319000;1,000000
5034,000000;15,762000;1,000000
5037,000000;16,217000;1,000000
5040,000000;16,686000;1,000000
5043,000000;17,170000;1,000000
5046,000000;17,669000;1,000000
5049,000000;18,185000;1,000000
5052,000000;18,718000;1,000000
5055,000000;19,268000;1,000000
5058,000000;19,836000;1,000000
5061,000000;20,420000;1,000000
5064,000000;21,022000;1,000000
5067,000000;21,639000;1,000000
5070,000000;22,272000;1,000000
5073,000000;22,919000;1,000000
5076,000000;23,580000;1,000000
5079,000000;24,253000;1,000000
5082,000000;24,938000;1,000000
5085,000000;25,634000;1,000000
5088,000000;26,340000;1,000000
5091,000000;27,052000;1,000000
5094,000000;27,767000;1,000000
5097,000000;28,485000;1,000000
5100,000000;29,199000;1,000000
5103,000000;29,908000;1,000000
5106,000000;30,609000;1,000000
5109,000000;31,297000;1,000000
5112,000000;31,972000;1,000000
5115,000000;32,630000;1,000000
5118,000000;33,271000;1,000000
5121,000000;33,894000;1,000000
5124,000000;34,498000;1,000000
5127,000000;35,084000;1,000000
5130,000000;35,652000;1,000000
5133,000000;36,205000;1,000000
5136,000000;36,743000;1,000000
5139,000000;37,270000;1,000000
5142,000000;37,789000;1,000000
5145,000000;38,301000;1,000000
5148,000000;38,809000;1,000000
5151,000000;39,316000;1,000000
5154,000000;39,823000;1,000000
5157,000000;40,332000;1,000000
5160,000000;40,845000;1,000000
5163,000000;41,364000;1,000000
5166,000000;41,888000;1,000000
5169,000000;42,419000;1,000000
5172,000000;42,957000;1,000000
5175,000000;43,502000;1,000000
5178,000000;44,056000;1,000000
5181,000000;44,616000;1,000000
5184,000000;45,181000;1,000000
5187,000000;45,752000;1,000000
5190,000000;46,326000;1,000000
5193,000000;46,901000;1,000000
5196,000000;47,475000;1,000000
5199,000000;48,048000;1,000000
5202,000000;48,615000;1,000000
5205,000000;49,175000;1,000000
5208,000000;49,726000;1,000000
5211,000000;50,265000;1,000000
5214,000000;50,790000;1,000000
5217,000000;51,299000;1,000000
5220,000000;51,790000;1,000000
5223,000000;52,261000;1,000000
5226,000000;52,710000;1,000000
5229,000000;53,137000;1,000000
5232,000000;53,543000;1,000000
5235,000000;53,927000;1,000000
5238,000000;54,291000;1,000000
5241,000000;54,634000;1,000000
5244,000000;54,958000;1,000000
5247,000000;55,264000;1,000000
5250,000000;55,557000;1,000000
5253,000000;55,841000;1,000000
5256,000000;56,117000;1,000000
5259,000000;56,388000;1,000000
5262,000000;56,656000;1,000000
5265,000000;56,923000;1,000000
5268,000000;57,189000;1,000000
5271,000000;57,456000;1,000000
5274,000000;57,725000;1,000000
5277,000000;57,996000;1,000000
5280,000000;58,269000;1,000000
5283,000000;58,543000;1,000000
5286,000000;58,820000;1,000000
5289,000000;59,098000;1,000000
5292,000000;59,376000;1,000000
5295,000000;59,653000;1,000000
5298,000000;59,928000;1,000000
5301,000000;60,200000;1,000000
5304,000000;60,468000;1,000000
5307,000000;60,730000;1,000000
5310,000000;60,985000;1,000000
5313,000000;61,231000;1,000000
5316,000000;61,467000;1,000000
5319,000000;61,692000;1,000000
5322,000000;61,904000;1,000000
5325,000000;62,103000;1,000000
5328,000000;62,289000;1,000000
5331,000000;62,460000;1,000000
5334,000000;62,616000;1,000000
5337,000000;62,757000;1,000000
5340,000000;62,881000;1,000000
5343,000000;62,989000;1,000000
5346,000000;63,081000;1,000000
5349,000000;63,155000;1,000000
5352,000000;63,212000;1,000000
5355,000000;63,252000;1,000000
5358,000000;63,275000;1,000000
5361,000000;63,280000;1,000000
5364,000000;63,271000;1,000000
5367,000000;63,249000;1,000000
5370,000000;63,218000;1,000000
5373,000000;63,179000;1,000000
5376,000000;63,133000;1,000000
5379,000000;63,082000;1,000000
5382,000000;63,028000;1,000000
5385,000000;62,971000;1,000000
5388,000000;62,913000;1,000000
5391,000000;62,853000;1,000000
5394,000000;62,792000;1,000000
5397,000000;62,729000;1,000000
5400,000000;62,663000;1,000000
5403,000000;62,591000;1,000000
5406,000000;62,512000;1,000000
5409,000000;62,427000;1,000000
5412,000000;62,333000;1,000000
5415,000000;62,231000;1,000000
5418,000000;62,118000;1,000000
5421,000000;61,994000;1,000000
5424,000000;61,860000;1,000000
5427,000000;61,712000;1,000000
5430,000000;61,552000;1,000000
5433,000000;61,378000;1,000000
5436,000000;61,190000;1,000000
5439,000000;60,987000;1,000000
5442,000000;60,770000;1,000000
5445,000000;60,538000;1,000000
5448,000000;60,291000;1,000000
5451,000000;60,030000;1,000000
5454,000000;59,754000;1,000000
5457,000000;59,463000;1,000000
5460,000000;59,159000;1,000000
5463,000000;58,840000;1,000000
5466,000000;58,508000;1,000000
5469,000000;58,163000;1,000000
5472,000000;57,805000;1,000000
5475,000000;57,435000;1,000000
5478,000000;57,053000;1,000000
5481,000000;56,660000;1,000000
5484,000000;56,255000;1,000000
5487,000000;55,840000;1,000000
5490,000000;55,416000;1,000000
5493,000000;54,983000;1,000000
5496,000000;54,541000;1,000000
5499,000000;54,093000;1,000000
5502,000000;53,639000;1,000000
5505,000000;53,180000;1,000000
5508,000000;52,716000;1,000000
5511,000000;52,250000;1,000000
5514,000000;51,783000;1,000000
5517,000000;51,314000;1,000000
5520,000000;50,845000;1,000000
5523,000000;50,377000;1,000000
5526,000000;49,910000;1,000000
5529,000000;49,445000;1,000000
5532,000000;48,981000;1,000000
5535,000000;48,519000;1,000000
5538,000000;48,057000;1,000000
5541,000000;47,596000;1,000000
5544,000000;47,135000;1,000000
5547,000000;46,672000;1,000000
5550,000000;46,207000;1,000000
5553,000000;45,739000;1,000000
5556,000000;45,265000;1,000000
5559,000000;44,784000;1,000000
5562,000000;44,295000;1,000000
5565,000000;43,796000;1,000000
5568,000000;43,286000;1,000000
5571,000000;42,764000;1,000000
5574,000000;42,229000;1,000000
5577,000000;41,679000;1,000000
5580,000000;41,116000;1,000000
5583,000000;40,539000;1,000000
5586,000000;39,948000;1,000000
5589,000000;39,344000;1,000000
5592,000000;38,726000;1,000000
5595,000000;38,097000;1,000000
5598,000000;37,456000;1,000000
5601,000000;36,805000;1,000000
5604,000000;36,146000;1,000000
5607,000000;35,480000;1,000000
5610,000000;34,809000;1,000000
5613,000000;34,135000;1,000000
5616,000000;33,460000;1,000000
5619,000000;32,786000;1,000000
5622,000000;32,117000;1,000000
5625,000000;31,454000;1,000000
5628,000000;30,801000;1,000000
5631,000000;30,159000;1,000000
5634,000000;29,530000;1,000000
5637,000000;28,915000;1,000000
5640,000000;28,314000;1,000000
5643,000000;27,728000;1,000000
5646,000000;27,157000;1,000000
5649,000000;26,599000;1,000000
5652,000000;26,053000;1,000000
5655,000000;25,518000;1,000000
5658,000000;24,990000;1,000000
5661,000000;24,469000;1,000000
5664,000000;23,951000;1,000000
5667,000000;23,433000;1,000000
5670,000000;22,913000;1,000000
5673,000000;22,391000;1,000000
5676,000000;21,862000;1,000000
5679,000000;21,328000;1,000000
5682,000000;20,786000;1,000000
5685,000000;20,238000;1,000000
5688,000000;19,681000;1,000000
5691,000000;19,118000;1,000000
5694,000000;18,548000;1,000000
5697,000000;17,972000;1,000000
5700,000000;17,391000;1,000000
5703,000000;16,807000;1,000000
5706,000000;16,219000;1,000000
5709,000000;15,629000;1,000000
5712,000000;15,038000;1,000000
5715,000000;14,446000;1,000000
5718,000000;13,859000;1,000000
5721,000000;13,282000;1,000000
5724,000000;12,718000;1,000000
5727,000000;12,171000;1,000000
5730,000000;11,645000;1,000000
5733,000000;11,142000;1,000000
5736,000000;10,665000;1,000000
5739,000000;10,215000;1,000000
5742,000000;9,795000;1,000000
5745,000000;9,404000;1,000000
5748,000000;9,041000;1,000000
5751,000000;8,708000;1,000000
5754,000000;8,402000;1,000000
5757,000000;8,123000;1,000000
5760,000000;7,869000;1,000000
5763,000000;7,637000;1,000000
5766,000000;7,425000;1,000000
5769,000000;7,234000;1,000000
5772,000000;7,061000;1,000000
5775,000000;6,902000;1,000000
5778,000000;6,753000;1,000000
5781,000000;6,608000;1,000000
5784,000000;6,466000;1,000000
5787,000000;6,323000;1,000000
5790,000000;6,178000;1,000000
5793,000000;6,031000;1,000000
5796,000000;5,879000;1,000000
5799,000000;5,723000;1,000000
5802,000000;5,561000;1,000000
5805,000000;5,394000;1,000000
5808,000000;5,222000;1,000000
5811,000000;5,045000;1,000000
5814,000000;4,865000;1,000000
5817,000000;4,683000;1,000000
5820,000000;4,499000;1,000000
5823,000000;4,316000;1,000000
5826,000000;4,133000;1,000000
5829,000000;3,954000;1,000000
5832,000000;3,780000;1,000000
5835,000000;3,613000;1,000000
5838,000000;3,452000;1,000000
5841,000000;3,302000;1,000000
5844,000000;3,163000;1,000000
5847,000000;3,036000;1,000000
5850,000000;2,922000;1,000000
5853,000000;2,824000;1,000000
5856,000000;2,740000;1,000000
5859,000000;2,673000;1,000000
5862,000000;2,622000;1,000000
5865,000000;2,589000;1,000000
5868,000000;2,572000;1,000000
5871,000000;2,572000;1,000000
5874,000000;2,588000;1,000000
5877,000000;2,619000;1,000000
5880,000000;2,661000;1,000000
5883,000000;2,716000;1,000000
5886,000000;2,779000;1,000000
5889,000000;2,850000;1,000000
5892,000000;2,929000;1,000000
5895,000000;3,013000;1,000000
5898,000000;3,104000;1,000000
5901,000000;3,199000;1,000000
5904,000000;3,300000;1,000000
5907,000000;3,406000;1,000000
5910,000000;3,516000;1,000000
5913,000000;3,631000;1,000000
5916,000000;3,750000;1,000000
5919,000000;3,873000;1,000000
5922,000000;4,001000;1,000000
5925,000000;4,137000;1,000000
5928,000000;4,284000;1,000000
5931,000000;4,442000;1,000000
5934,000000;4,612000;1,000000
5937,000000;4,795000;1,000000
5940,000000;4,991000;1,000000
5943,000000;5,200000;1,000000
5946,000000;5,423000;1,000000
5949,000000;5,659000;1,000000
5952,000000;5,909000;1,000000
5955,000000;6,171000;1,000000
5958,000000;6,447000;1,000000
5961,000000;6,734000;1,000000
5964,000000;7,033000;1,000000
5967,000000;7,344000;1,000000
5970,000000;7,663000;1,000000
5973,000000;7,992000;1,000000
5976,000000;8,328000;1,000000
5979,000000;8,672000;1,000000
5982,000000;9,022000;1,000000
5985,000000;9,377000;1,000000
5988,000000;9,736000;1,000000
5991,000000;10,099000;1,000000
5994,000000;10,465000;1,000000
5997,000000;10,834000;1,000000
6000,000000;11,206000;1,000000
6003,000000;11,581000;1,000000
6006,000000;11,959000;1,000000
6009,000000;12,342000;1,000000
6012,000000;12,728000;1,000000
6015,000000;13,119000;1,000000
6018,000000;13,516000;1,000000
6021,000000;13,919000;1,000000
6024,000000;14,329000;1,000000
6027,000000;14,747000;1,000000
6030,000000;15,175000;1,000000
6033,000000;15,613000;1,000000
6036,000000;16,064000;1,000000
6039,000000;16,528000;1,000000
6042,000000;17,007000;1,000000
6045,000000;17,500000;1,000000
6048,000000;18,011000;1,000000
6051,000000;18,538000;1,000000
6054,000000;19,082000;1,000000
6057,000000;19,644000;1,000000
6060,000000;20,223000;1,000000
6063,000000;20,819000;1,000000
6066,000000;21,432000;1,000000
6069,000000;22,060000;1,000000
6072,000000;22,702000;1,000000
6075,000000;23,358000;1,000000
6078,000000;24,028000;1,000000
6081,000000;24,710000;1,000000
6084,000000;25,403000;1,000000
6087,000000;26,106000;1,000000
6090,000000;26,816000;1,000000
6093,000000;27,531000;1,000000
6096,000000;28,249000;1,000000
6099,000000;28,965000;1,000000
6102,000000;29,677000;1,000000
6105,000000;30,381000;1,000000
6108,000000;31,074000;1,000000
6111,000000;31,753000;1,000000
6114,000000;32,417000;1,000000
6117,000000;33,064000;1,000000
6120,000000;33,693000;1,000000
6123,000000;34,303000;1,000000
6126,000000;34,895000;1,000000
6129,000000;35,469000;1,000000
6132,000000;36,026000;1,000000
6135,000000;36,569000;1,000000
6138,000000;37,100000;1,000000
6141,000000;37,620000;1,000000
6144,000000;38,134000;1,000000
6147,000000;38,643000;1,000000
6150,000000;39,149000;1,000000
6153,000000;39,655000;1,000000
6156,000000;40,162000;1,000000
6159,000000;40,673000;1,000000
6162,000000;41,188000;1,000000
6165,000000;41,710000;1,000000
6168,000000;42,238000;1,000000
6171,000000;42,773000;1,000000
6174,000000;43,315000;1,000000
6177,000000;43,866000;1,000000
6180,000000;44,423000;1,000000
6183,000000;44,987000;1,000000
6186,000000;45,556000;1,000000
6189,000000;46,130000;1,000000
6192,000000;46,706000;1,000000
6195,000000;47,281000;1,000000
6198,000000;47,856000;1,000000
6201,000000;48,426000;1,000000
6204,000000;48,989000;1,000000
6207,000000;49,544000;1,000000
6210,000000;50,089000;1,000000
6213,000000;50,620000;1,000000
6216,000000;51,135000;1,000000
6219,000000;51,634000;1,000000
6222,000000;52,112000;1,000000
6225,000000;52,568000;1,000000
6228,000000;53,003000;1,000000
6231,000000;53,416000;1,000000
6234,000000;53,807000;1,000000
6237,000000;54,177000;1,000000
6240,000000;54,527000;1,000000
6243,000000;54,856000;1,000000
6246,000000;55,168000;1,000000
6249,000000;55,465000;1,000000
6252,000000;55,750000;1,000000
6255,000000;56,028000;1,000000
6258,000000;56,300000;1,000000
6261,000000;56,569000;1,000000
6264,000000;56,835000;1,000000
6267,000000;57,101000;1,000000
6270,000000;57,367000;1,000000
6273,000000;57,635000;1,000000
6276,000000;57,904000;1,000000
6279,000000;58,176000;1,000000
6282,000000;58,450000;1,000000
6285,000000;58,725000;1,000000
6288,000000;59,002000;1,000000
6291,000000;59,279000;1,000000
6294,000000;59,557000;1,000000
6297,000000;59,832000;1,000000
6300,000000;60,105000;1,000000
6303,000000;60,374000;1,000000
6306,000000;60,638000;1,000000
6309,000000;60,895000;1,000000
6312,000000;61,143000;1,000000
6315,000000;61,383000;1,000000
6318,000000;61,612000;1,000000
6321,000000;61,829000;1,000000
6324,000000;62,034000;1,000000
6327,000000;62,224000;1,000000
6330,000000;62,401000;1,000000
6333,000000;62,562000;1,000000
6336,000000;62,709000;1,000000
6339,000000;62,840000;1,000000
6342,000000;62,954000;1,000000
6345,000000;63,052000;1,000000
6348,000000;63,133000;1,000000
6351,000000;63,197000;1,000000
6354,000000;63,244000;1,000000
6357,000000;63,273000;1,000000
6360,000000;63,285000;1,000000
6363,000000;63,280000;1,000000
6366,000000;63,263000;1,000000
6369,000000;63,236000;1,000000
6372,000000;63,199000;1,000000
6375,000000;63,155000;1,000000
6378,000000;63,106000;1,000000
6381,000000;63,052000;1,000000
6384,000000;62,996000;1,000000
6387,000000;62,937000;1,000000
6390,000000;62,877000;1,000000
6393,000000;62,816000;1,000000
6396,000000;62,752000;1,000000
6399,000000;62,686000;1,000000
6402,000000;62,614000;1,000000
6405,000000;62,537000;1,000000
6408,000000;62,453000;1,000000
6411,000000;62,361000;1,000000
6414,000000;62,261000;1,000000
6417,000000;62,152000;1,000000
6420,000000;62,032000;1,000000
6423,000000;61,901000;1,000000
6426,000000;61,759000;1,000000
6429,000000;61,604000;1,000000
6432,000000;61,435000;1,000000
6435,000000;61,253000;1,000000
6438,000000;61,056000;1,000000
6441,000000;60,844000;1,000000
6444,000000;60,618000;1,000000
6447,000000;60,377000;1,000000
6450,000000;60,121000;1,000000
6453,000000;59,851000;1,000000
6456,000000;59,565000;1,000000
6459,000000;59,265000;1,000000
6462,000000;58,952000;1,000000
6465,000000;58,624000;1,000000
6468,000000;58,283000;1,000000
6471,000000;57,930000;1,000000
6474,000000;57,564000;1,000000
6477,000000;57,185000;1,000000
6480,000000;56,795000;1,000000
6483,000000;56,394000;1,000000
6486,000000;55,983000;1,000000
6489,000000;55,561000;1,000000
6492,000000;55,130000;1,000000
6495,000000;54,691000;1,000000
6498,000000;54,245000;1,000000
6501,000000;53,792000;1,000000
6504,000000;53,334000;1,000000
6507,000000;52,871000;1,000000
6510,000000;52,406000;1,000000
6513,000000;51,938000;1,000000
6516,000000;51,470000;1,000000
6519,000000;51,000000;1,000000
6522,000000;50,532000;1,000000
6525,000000;50,065000;1,000000
6528,000000;49,598000;1,000000
6531,000000;49,134000;1,000000
6534,000000;48,672000;1,000000
6537,000000;48,210000;1,000000
6540,000000;47,749000;1,000000
6543,000000;47,288000;1,000000
6546,000000;46,826000;1,000000
6549,000000;46,362000;1,000000
6552,000000;45,895000;1,000000
6555,000000;45,424000;1,000000
6558,000000;44,946000;1,000000
6561,000000;44,460000;1,000000
6564,000000;43,965000;1,000000
6567,000000;43,460000;1,000000
6570,000000;42,942000;1,000000
6573,000000;42,413000;1,000000
6576,000000;41,869000;1,000000
6579,000000;41,312000;1,000000
6582,000000;40,741000;1,000000
6585,000000;40,156000;1,000000
6588,000000;39,556000;1,000000
6591,000000;38,944000;1,000000
6594,000000;38,319000;1,000000
6597,000000;37,683000;1,000000
6600,000000;37,037000;1,000000
6603,000000;36,382000;1,000000
6606,000000;35,719000;1,000000
6609,000000;35,051000;1,000000
6612,000000;34,380000;1,000000
6615,000000;33,706000;1,000000
6618,000000;33,032000;1,000000
6621,000000;32,361000;1,000000
6624,000000;31,697000;1,000000
6627,000000;31,040000;1,000000
6630,000000;30,394000;1,000000
6633,000000;29,760000;1,000000
6636,000000;29,139000;1,000000
6639,000000;28,532000;1,000000
6642,000000;27,941000;1,000000
6645,000000;27,363000;1,000000
6648,000000;26,799000;1,000000
6651,000000;26,248000;1,000000
6654,000000;25,708000;1,000000
6657,000000;25,176000;1,000000
6660,000000;24,651000;1,000000
6663,000000;24,130000;1,000000
6666,000000;23,611000;1,000000
6669,000000;23,091000;1,000000
6672,000000;22,568000;1,000000
6675,000000;22,041000;1,000000
6678,000000;21,507000;1,000000
6681,000000;20,967000;1,000000
6684,000000;20,420000;1,000000
6687,000000;19,866000;1,000000
6690,000000;19,304000;1,000000
6693,000000;18,736000;1,000000
6696,000000;18,162000;1,000000
6699,000000;17,582000;1,000000
6702,000000;16,998000;1,000000
6705,000000;16,411000;1,000000
6708,000000;15,822000;1,000000
6711,000000;15,230000;1,000000
6714,000000;14,639000;1,000000
6717,000000;14,050000;1,000000
6720,000000;13,469000;1,000000
6723,000000;12,900000;1,000000
6726,000000;12,348000;1,000000
6729,000000;11,815000;1,000000
6732,000000;11,305000;1,000000
6735,000000;10,821000;1,000000
6738,000000;10,363000;1,000000
6741,000000;9,934000;1,000000
6744,000000;9,534000;1,000000
6747,000000;9,164000;1,000000
6750,000000;8,823000;1,000000
6753,000000;8,509000;1,000000
6756,000000;8,223000;1,000000
6759,000000;7,962000;1,000000
6762,000000;7,724000;1,000000
6765,000000;7,506000;1,000000
6768,000000;7,308000;1,000000
6771,000000;7,130000;1,000000
6774,000000;6,967000;1,000000
6777,000000;6,815000;1,000000
6780,000000;6,669000;1,000000
6783,000000;6,525000;1,000000
6786,000000;6,382000;1,000000
6789,000000;6,237000;1,000000
6792,000000;6,090000;1,000000
6795,000000;5,939000;1,000000
6798,000000;5,783000;1,000000
6801,000000;5,622000;1,000000
6804,000000;5,456000;1,000000
6807,000000;5,285000;1,000000
6810,000000;5,109000;1,000000
6813,000000;4,931000;1,000000
6816,000000;4,749000;1,000000
6819,000000;4,565000;1,000000
6822,000000;4,381000;1,000000
6825,000000;4,198000;1,000000
6828,000000;4,018000;1,000000
6831,000000;3,841000;1,000000
6834,000000;3,671000;1,000000
6837,000000;3,508000;1,000000
6840,000000;3,354000;1,000000
6843,000000;3,210000;1,000000
6846,000000;3,079000;1,000000
6849,000000;2,960000;1,000000
6852,000000;2,856000;1,000000
6855,000000;2,767000;1,000000
6858,000000;2,693000;1,000000
6861,000000;2,636000;1,000000
6864,000000;2,597000;1,000000
6867,000000;2,574000;1,000000
6870,000000;2,568000;1,000000
6873,000000;2,576000;1,000000
6876,000000;2,597000;1,000000
6879,000000;2,628000;0,000000
6882,000000;2,665000;0,000000
6885,000000;2,707000;0,000000
6888,000000;2,751000;0,000000
6891,000000;2,795000;0,000000
6894,000000;2,836000;0,000000
6897,000000;2,874000;0,000000
6900,000000;2,907000;0,000000
6903,000000;2,934000;0,000000
6906,000000;2,954000;0,000000
6909,000000;2,968000;0,000000
6912,000000;2,975000;0,000000
6915,000000;2,976000;0,000000
6918,000000;2,972000;0,000000
6921,000000;2,964000;0,000000
6924,000000;2,953000;0,000000
6927,000000;2,940000;0,000000
6930,000000;2,928000;0,000000
6933,000000;2,916000;0,000000
6936,000000;2,904000;0,000000
6939,000000;2,895000;0,000000
6942,000000;2,888000;0,000000
6945,000000;2,884000;0,000000
6948,000000;2,881000;0,000000
6951,000000;2,882000;0,000000
6954,000000;2,884000;0,000000
6957,000000;2,887000;0,000000
6960,000000;2,890000;0,000000
6963,000000;2,894000;0,000000
6966,000000;2,898000;0,000000
6969,000000;2,900000;0,000000
6972,000000;2,902000;0,000000
6975,000000;2,904000;0,000000
6978,000000;2,904000;0,000000
6981,000000;2,904000;0,000000
6984,000000;2,903000;0,000000
6987,000000;2,902000;0,000000
6990,000000;2,901000;0,000000
6993,000000;2,900000;0,000000
6996,000000;2,899000;0,000000
6999,000000;2,899000;0,000000
7002,000000;2,899000;0,000000
7005,000000;2,899000;0,000000
7008,000000;2,899000;0,000000
7011,000000;2,899000;0,000000
7014,000000;2,900000;0,000000
7017,000000;2,900000;0,000000
7020,000000;2,899000;0,000000
7023,000000;2,899000;0,000000
7026,000000;2,899000;0,000000
7029,000000;2,899000;0,000000
7032,000000;2,899000;0,000000
7035,000000;2,899000;0,000000
7038,000000;2,899000;0,000000
7041,000000;2,899000;0,000000
7044,000000;2,900000;0,000000
7047,000000;2,900000;0,000000
7050,000000;2,900000;0,000000
7053,000000;2,900000;0,000000
7056,000000;2,900000;0,000000
7059,000000;2,900000;0,000000
7062,000000;2,900000;0,000000
7065,000000;2,900000;0,000000
7068,000000;2,900000;0,000000
7071,000000;2,900000;0,000000
7074,000000;2,900000;0,000000
7077,000000;2,900000;0,000000
7080,000000;2,900000;0,000000
7083,000000;2,900000;0,000000
7086,000000;2,900000;0,000000
7089,000000;2,900000;0,000000
7092,000000;2,900000;0,000000
7095,000000;2,900000;0,000000
7098,000000;2,900000;0,000000
7101,000000;2,900000;0,000000
7104,000000;2,900000;0,000000
7107,000000;2,900000;0,000000
7110,000000;2,900000;0,000000
7113,000000;2,900000;0,000000
7116,000000;2,900000;0,000000
7119,000000;2,900000;0,000000
7122,000000;2,900000;0,000000
7125,000000;2,900000;0,000000
7128,000000;2,900000;0,000000
7131,000000;2,900000;0,000000
7134,000000;2,900000;0,000000
7137,000000;2,899000;0,000000
7140,000000;2,899000;0,000000
7143,000000;2,900000;0,000000
7146,000000;2,899000;0,000000
7149,000000;2,899000;0,000000
7152,000000;2,900000;0,000000
7155,000000;2,900000;0,000000
7158,000000;2,900000;0,000000
7161,000000;2,900000;0,000000
7164,000000;2,900000;0,000000
7167,000000;2,900000;0,000000
7170,000000;2,900000;0,000000
7173,000000;2,900000;0,000000
7176,000000;2,900000;0,000000
7179,000000;2,900000;0,000000
7182,000000;2,900000;0,000000
7185,000000;2,900000;0,000000
7188,000000;2,900000;0,000000
7191,000000;2,900000;0,000000
7194,000000;2,900000;0,000000
7197,000000;2,900000;0,000000
7200,000000;2,900000;0,000000
7203,000000;2,900000;0,000000
7206,000000;2,900000;0,000000
7209,000000;2,899000;0,000000
7212,000000;2,899000;0,000000
7215,000000;2,900000;0,000000
7218,000000;2,900000;0,000000
7221,000000;2,900000;0,000000
7224,000000;2,900000;0,000000
7227,000000;2,900000;0,000000
7230,000000;2,900000;0,000000
7233,000000;2,900000;0,000000
7236,000000;2,900000;0,000000
7239,000000;2,900000;0,000000
7242,000000;2,900000;0,000000
7245,000000;2,900000;0,000000
7248,000000;2,900000;0,000000
7251,000000;2,900000;0,000000
7254,000000;2,900000;0,000000
7257,000000;2,900000;0,000000
7260,000000;2,900000;0,000000
7263,000000;2,900000;0,000000
7266,000000;2,900000;0,000000
7269,000000;2,900000;0,000000
7272,000000;2,900000;0,000000
7275,000000;2,900000;0,000000
7278,000000;2,900000;0,000000
7281,000000;2,900000;0,000000
7284,000000;2,900000;0,000000
7287,000000;2,900000;0,000000
7290,000000;2,900000;0,000000
7293,000000;2,900000;0,000000
7296,000000;2,900000;0,000000
7299,000000;2,900000;0,000000
7302,000000;2,900000;0,000000
7305,000000;2,900000;0,000000
7308,000000;2,900000;0,000000
7311,000000;2,900000;0,000000
7314,000000;2,900000;0,000000
7317,000000;2,900000;0,000000
7320,000000;2,900000;0,000000
7323,000000;2,900000;0,000000
7326,000000;2,900000;0,000000
7329,000000;2,900000;0,000000
7332,000000;2,900000;0,000000
7335,000000;2,900000;0,000000
7338,000000;2,900000;0,000000
7341,000000;2,900000;0,000000
7344,000000;2,900000;0,000000
7347,000000;2,900000;0,000000
7350,000000;2,900000;0,000000
7353,000000;2,900000;0,000000
7356,000000;2,900000;0,000000
7359,000000;2,900000;0,000000
7362,000000;2,900000;0,000000
7365,000000;2,900000;0,000000
7368,000000;2,900000;0,000000
7371,000000;2,900000;0,000000
7374,000000;2,900000;0,000000
7377,000000;2,900000;0,000000
7380,000000;2,899000;0,000000
7383,000000;2,899000;0,000000
7386,000000;2,900000;0,000000
7389,000000;2,900000;0,000000
7392,000000;2,900000;0,000000
7395,000000;2,900000;0,000000
7398,000000;2,900000;0,000000
7401,000000;2,900000;0,000000
7404,000000;2,900000;0,000000
7407,000000;2,900000;0,000000
7410,000000;2,900000;0,000000
7413,000000;2,900000;0,000000
7416,000000;2,900000;0,000000
7419,000000;2,900000;0,000000
7422,000000;2,900000;0,000000
7425,000000;2,900000;0,000000
7428,000000;2,900000;0,000000
7431,000000;2,900000;0,000000
7434,000000;2,900000;0,000000
7437,000000;2,900000;0,000000
7440,000000;2,900000;0,000000
7443,000000;2,900000;0,000000
7446,000000;2,900000;0,000000
7449,000000;2,900000;0,000000
7452,000000;2,900000;0,000000
7455,000000;2,900000;0,000000
7458,000000;2,900000;0,000000
7461,000000;2,900000;0,000000
7464,000000;2,900000;0,000000
7467,000000;2,900000;0,000000
7470,000000;2,900000;0,000000
7473,000000;2,900000;0,000000
7476,000000;2,900000;0,000000
7479,000000;2,900000;0,000000
7482,000000;2,900000;0,000000
7485,000000;2,900000;0,000000
7488,000000;2,900000;0,000000
7491,000000;2,900000;0,000000
7494,000000;2,900000;0,000000
7497,000000;2,900000;0,000000
7500,000000;2,900000;0,000000
7503,000000;2,900000;0,000000
7506,000000;2,900000;0,000000
7509,000000;2,900000;0,000000
7512,000000;2,900000;0,000000
7515,000000;2,900000;0,000000
7518,000000;2,900000;0,000000
7521,000000;2,900000;0,000000
7524,000000;2,900000;0,000000
7527,000000;2,900000;0,000000
7530,000000;2,900000;0,000000
7533,000000;2,900000;0,000000
7536,000000;2,900000;0,000000
7539,000000;2,900000;0,000000
7542,000000;2,900000;0,000000
7545,000000;2,900000;0,000000
7548,000000;2,900000;0,000000
7551,000000;2,900000;0,000000
7554,000000;2,900000;0,000000
7557,000000;2,900000;0,000000
7560,000000;2,900000;0,000000
7563,000000;2,900000;0,000000
7566,000000;2,900000;0,000000
7569,000000;2,900000;0,000000
7572,000000;2,900000;0,000000
7575,000000;2,900000;0,000000
7578,000000;2,900000;0,000000
7581,000000;2,899000;0,000000
7584,000000;2,899000;0,000000
7587,000000;2,899000;0,000000
7590,000000;2,900000;0,000000
7593,000000;2,900000;0,000000
7596,000000;2,900000;0,000000
7599,000000;2,900000;0,000000
7602,000000;2,900000;0,000000
7605,000000;2,900000;0,000000
7608,000000;2,899000;0,000000
7611,000000;2,900000;0,000000
7614,000000;2,900000;0,000000
7617,000000;2,900000;0,000000
7620,000000;2,900000;0,000000
7623,000000;2,900000;0,000000
7626,000000;2,900000;0,000000
7629,000000;2,900000;0,000000
7632,000000;2,900000;0,000000
7635,000000;2,900000;0,000000
7638,000000;2,900000;0,000000
7641,000000;2,900000;0,000000
7644,000000;2,900000;0,000000
7647,000000;2,900000;0,000000
7650,000000;2,900000;0,000000
7653,000000;2,900000;0,000000
7656,000000;2,900000;0,000000
7659,000000;2,900000;0,000000
7662,000000;2,900000;0,000000
7665,000000;2,900000;0,000000
7668,000000;2,900000;0,000000
7671,000000;2,900000;0,000000
7674,000000;2,900000;0,000000
7677,000000;2,900000;0,000000
7680,000000;2,900000;0,000000
7683,000000;2,900000;0,000000
7686,000000;2,900000;0,000000
7689,000000;2,900000;0,000000
7692,000000;2,900000;0,000000
7695,000000;2,900000;0,000000
7698,000000;2,900000;0,000000
7701,000000;2,900000;0,000000
7704,000000;2,900000;0,000000
7707,000000;2,900000;0,000000
7710,000000;2,900000;0,000000
7713,000000;2,900000;0,000000
7716,000000;2,900000;0,000000
7719,000000;2,900000;0,000000
7722,000000;2,900000;0,000000
7725,000000;2,900000;0,000000
7728,000000;2,900000;0,000000
7731,000000;2,900000;0,000000
7734,000000;2,900000;0,000000
7737,000000;2,900000;0,000000
7740,000000;2,900000;0,000000
7743,000000;2,900000;0,000000
7746,000000;2,900000;0,000000
7749,000000;2,900000;0,000000
7752,000000;2,900000;0,000000
7755,000000;2,900000;0,000000
7758,000000;2,900000;0,000000
7761,000000;2,900000;0,000000
7764,000000;2,900000;0,000000
7767,000000;2,900000;0,000000
7770,000000;2,899000;0,000000
7773,000000;2,900000;0,000000
7776,000000;2,900000;0,000000
7779,000000;2,900000;0,000000
7782,000000;2,900000;0,000000
7785,000000;2,900000;0,000000
7788,000000;2,900000;0,000000
7791,000000;2,900000;0,000000
7794,000000;2,900000;0,000000
7797,000000;2,900000;0,000000
7800,000000;2,900000;0,000000
7803,000000;2,900000;0,000000
7806,000000;2,900000;0,000000
7809,000000;2,900000;0,000000
7812,000000;2,900000;0,000000
7815,000000;2,900000;0,000000
7818,000000;2,900000;0,000000
7821,000000;2,900000;0,000000
7824,000000;2,900000;0,000000
7827,000000;2,900000;0,000000
7830,000000;2,900000;0,000000
7833,000000;2,900000;0,000000
7836,000000;2,900000;0,000000
7839,000000;2,900000;0,000000
7842,000000;2,900000;0,000000
7845,000000;2,900000;0,000000
7848,000000;2,900000;0,000000
7851,000000;2,900000;0,000000
7854,000000;2,900000;0,000000
7857,000000;2,900000;0,000000
7860,000000;2,900000;0,000000
7863,000000;2,900000;0,000000
7866,000000;2,900000;0,000000
7869,000000;2,900000;0,000000
7872,000000;2,900000;0,000000
7875,000000;2,900000;0,000000
7878,000000;2,900000;0,000000
7881,000000;2,900000;0,000000
7884,000000;2,900000;0,000000
7887,000000;2,900000;0,000000
7890,000000;2,900000;0,000000
7893,000000;2,900000;0,000000
7896,000000;2,900000;0,000000
7899,000000;2,900000;0,000000
7902,000000;2,900000;0,000000
7905,000000;2,900000;0,000000
7908,000000;2,900000;0,000000
7911,000000;2,900000;0,000000
7914,000000;2,900000;0,000000
7917,000000;2,900000;0,000000
7920,000000;2,900000;0,000000
7923,000000;2,900000;0,000000
7926,000000;2,900000;0,000000
7929,000000;2,900000;0,000000
7932,000000;2,900000;0,000000
7935,000000;2,900000;0,000000
7938,000000;2,900000;0,000000
7941,000000;2,899000;0,000000
7944,000000;2,899000;0,000000
7947,000000;2,899000;0,000000
7950,000000;2,899000;0,000000
7953,000000;2,900000;0,000000
7956,000000;2,900000;0,000000
7959,000000;2,900000;0,000000
7962,000000;2,900000;0,000000
7965,000000;2,900000;0,000000
7968,000000;2,900000;0,000000
7971,000000;2,900000;0,000000
7974,000000;2,900000;0,000000
7977,000000;2,900000;0,000000
7980,000000;2,899000;0,000000
7983,000000;2,900000;0,000000
7986,000000;2,900000;0,000000
7989,000000;2,900000;0,000000
7992,000000;2,900000;0,000000
7995,000000;2,900000;0,000000
7998,000000;2,900000;0,000000
8001,000000;2,900000;0,000000
8004,000000;2,900000;0,000000
8007,000000;2,900000;0,000000
8010,000000;2,900000;0,000000
8013,000000;2,900000;0,000000
8016,000000;2,900000;0,000000
8019,000000;2,900000;0,000000
8022,000000;2,900000;0,000000
8025,000000;2,900000;0,000000
8028,000000;2,900000;0,000000
8031,000000;2,900000;0,000000
8034,000000;2,900000;0,000000
8037,000000;2,900000;0,000000
8040,000000;2,900000;0,000000
8043,000000;2,900000;0,000000
8046,000000;2,900000;0,000000
8049,000000;2,900000;0,000000
8052,000000;2,900000;0,000000
8055,000000;2,900000;0,000000
8058,000000;2,900000;0,000000
8061,000000;2,900000;0,000000
8064,000000;2,900000;0,000000
8067,000000;2,900000;0,000000
8070,000000;2,900000;0,000000
8073,000000;2,900000;0,000000
8076,000000;2,900000;0,000000
8079,000000;2,900000;0,000000
8082,000000;2,900000;0,000000
8085,000000;2,900000;0,000000
8088,000000;2,899000;0,000000
8091,000000;2,900000;0,000000
8094,000000;2,900000;0,000000
8097,000000;2,900000;0,000000
8100,000000;2,900000;0,000000
8103,000000;2,900000;0,000000
8106,000000;2,900000;0,000000
8109,000000;2,900000;0,000000
8112,000000;2,900000;0,000000
8115,000000;2,900000;0,000000
8118,000000;2,900000;0,000000
8121,000000;2,900000;0,000000
8124,000000;2,900000;0,000000
8127,000000;2,900000;0,000000
8130,000000;2,900000;0,000000
8133,000000;2,900000;0,000000
8136,000000;2,900000;0,000000
8139,000000;2,900000;0,000000
8142,000000;2,900000;0,000000
8145,000000;2,900000;0,000000
8148,000000;2,900000;0,000000
8151,000000;2,900000;0,000000
8154,000000;2,900000;0,000000
8157,000000;2,900000;0,000000
8160,000000;2,900000;0,000000
8163,000000;2,900000;0,000000
8166,000000;2,900000;0,000000
8169,000000;2,900000;0,000000
8172,000000;2,900000;0,000000
8175,000000;2,900000;0,000000
8178,000000;2,900000;0,000000
8181,000000;2,900000;0,000000
8184,000000;2,900000;0,000000
8187,000000;2,900000;0,000000
8190,000000;2,900000;0,000000
8193,000000;2,900000;0,000000
8196,000000;2,900000;0,000000
8199,000000;2,900000;0,000000
8202,000000;2,900000;0,000000
8205,000000;2,900000;0,000000
8208,000000;2,900000;0,000000
8211,000000;2,900000;0,000000
8214,000000;2,900000;0,000000
8217,000000;2,900000;0,000000
8220,000000;2,900000;0,000000
8223,000000;2,900000;0,000000
8226,000000;2,900000;0,000000
8229,000000;2,900000;0,000000
8232,000000;2,900000;0,000000
8235,000000;2,900000;0,000000
8238,000000;2,900000;0,000000
8241,000000;2,900000;0,000000
8244,000000;2,900000;0,000000
8247,000000;2,900000;0,000000
8250,000000;2,900000;0,000000
8253,000000;2,900000;0,000000
8256,000000;2,900000;0,000000
8259,000000;2,900000;0,000000
8262,000000;2,900000;0,000000
8265,000000;2,900000;0,000000
8268,000000;2,900000;0,000000
8271,000000;2,900000;0,000000
8274,000000;2,900000;0,000000
8277,000000;2,900000;0,000000
8280,000000;2,900000;0,000000
8283,000000;2,900000;0,000000
8286,000000;2,900000;0,000000
8289,000000;2,900000;0,000000
8292,000000;2,900000;0,000000
8295,000000;2,900000;0,000000
8298,000000;2,900000;0,000000
8301,000000;2,900000;0,000000
8304,000000;2,900000;0,000000
8307,000000;2,900000;0,000000
8310,000000;2,900000;0,000000
8313,000000;2,900000;0,000000
8316,000000;2,900000;0,000000
8319,000000;2,900000;0,000000
8322,000000;2,900000;0,000000
8325,000000;2,900000;0,000000
8328,000000;2,900000;0,000000
8331,000000;2,900000;0,000000
8334,000000;2,900000;0,000000
8337,000000;2,900000;0,000000
8340,000000;2,900000;0,000000
8343,000000;2,900000;0,000000
8346,000000;2,900000;0,000000
8349,000000;2,900000;0,000000
8352,000000;2,900000;0,000000
8355,000000;2,900000;0,000000
8358,000000;2,900000;0,000000
8361,000000;2,900000;0,000000
8364,000000;2,900000;0,000000
8367,000000;2,900000;0,000000
8370,000000;2,900000;0,000000
8373,000000;2,900000;0,000000
8376,000000;2,900000;0,000000
8379,000000;2,900000;0,000000
8382,000000;2,900000;0,000000
8385,000000;2,900000;0,000000
8388,000000;2,900000;0,000000
8391,000000;2,900000;0,000000
8394,000000;2,900000;0,000000
8397,000000;2,900000;0,000000
8400,000000;2,900000;0,000000
8403,000000;2,900000;0,000000
8406,000000;2,900000;0,000000
8409,000000;2,900000;0,000000
8412,000000;2,900000;0,000000
8415,000000;2,900000;0,000000
8418,000000;2,900000;0,000000
8421,000000;2,900000;0,000000
8424,000000;2,900000;0,000000
8427,000000;2,900000;0,000000
8430,000000;2,900000;0,000000
8433,000000;2,900000;0,000000
8436,000000;2,900000;0,000000
8439,000000;2,900000;0,000000
8442,000000;2,900000;0,000000
8445,000000;2,900000;0,000000
8448,000000;2,900000;0,000000
8451,000000;2,900000;0,000000
8454,000000;2,900000;0,000000
8457,000000;2,900000;0,000000
8460,000000;2,900000;0,000000
8463,000000;2,900000;0,000000
8466,000000;2,900000;0,000000
8469,000000;2,900000;0,000000
8472,000000;2,900000;0,000000
8475,000000;2,900000;0,000000
8478,000000;2,900000;0,000000
8481,000000;2,900000;0,000000
8484,000000;2,900000;0,000000
8487,000000;2,900000;0,000000
8490,000000;2,900000;0,000000
8493,000000;2,900000;0,000000
8496,000000;2,900000;0,000000
8499,000000;2,900000;0,000000
8502,000000;2,900000;0,000000
8505,000000;2,900000;0,000000
8508,000000;2,900000;0,000000
8511,000000;2,900000;0,000000
8514,000000;2,900000;0,000000
8517,000000;2,900000;0,000000
8520,000000;2,900000;0,000000
8523,000000;2,900000;0,000000
8526,000000;2,900000;0,000000
8529,000000;2,900000;0,000000
8532,000000;2,900000;0,000000
8535,000000;2,900000;0,000000
8538,000000;2,900000;0,000000
8541,000000;2,900000;0,000000
8544,000000;2,900000;0,000000
8547,000000;2,900000;0,000000
8550,000000;2,900000;0,000000
8553,000000;2,900000;0,000000
8556,000000;2,900000;0,000000
8559,000000;2,900000;0,000000
8562,000000;2,900000;0,000000
8565,000000;2,900000;0,000000
8568,000000;2,900000;0,000000
8571,000000;2,900000;0,000000
8574,000000;2,900000;0,000000
8577,000000;2,900000;0,000000
8580,000000;2,900000;0,000000
8583,000000;2,900000;0,000000
8586,000000;2,900000;0,000000
8589,000000;2,900000;0,000000
8592,000000;2,900000;0,000000
8595,000000;2,900000;0,000000
8598,000000;2,900000;0,000000
8601,000000;2,900000;0,000000
8604,000000;2,900000;0,000000
8607,000000;2,900000;0,000000
8610,000000;2,900000;0,000000
8613,000000;2,900000;0,000000
8616,000000;2,900000;0,000000
8619,000000;2,900000;0,000000
8622,000000;2,900000;0,000000
8625,000000;2,900000;0,000000
8628,000000;2,900000;0,000000
8631,000000;2,900000;0,000000
8634,000000;2,900000;0,000000
8637,000000;2,900000;0,000000
8640,000000;2,900000;0,000000
8643,000000;2,900000;0,000000
8646,000000;2,900000;0,000000
8649,000000;2,900000;0,000000
8652,000000;2,900000;0,000000
8655,000000;2,900000;0,000000
8658,000000;2,900000;0,000000
8661,000000;2,900000;0,000000
8664,000000;2,900000;0,000000
8667,000000;2,900000;0,000000
8670,000000;2,900000;0,000000
8673,000000;2,900000;0,000000
8676,000000;2,900000;0,000000
8679,000000;2,900000;0,000000
8682,000000;2,900000;0,000000
8685,000000;2,900000;0,000000
8688,000000;2,900000;0,000000
8691,000000;2,900000;0,000000
8694,000000;2,900000;0,000000
8697,000000;2,900000;0,000000
8700,000000;2,900000;0,000000
8703,000000;2,900000;0,000000
8706,000000;2,900000;0,000000
8709,000000;2,900000;0,000000
8712,000000;2,900000;0,000000
8715,000000;2,900000;0,000000
8718,000000;2,900000;0,000000
8721,000000;2,900000;0,000000
8724,000000;2,900000;0,000000
8727,000000;2,900000;0,000000
8730,000000;2,900000;0,000000
8733,000000;2,900000;0,000000
8736,000000;2,900000;0,000000
8739,000000;2,900000;0,000000
8742,000000;2,900000;0,000000
8745,000000;2,900000;0,000000
8748,000000;2,900000;0,000000
8751,000000;2,900000;0,000000
8754,000000;2,900000;0,000000
8757,000000;2,900000;0,000000
8760,000000;2,899000;0,000000
8763,000000;2,900000;0,000000
8766,000000;2,900000;0,000000
8769,000000;2,900000;0,000000
8772,000000;2,900000;0,000000
8775,000000;2,900000;0,000000
8778,000000;2,900000;0,000000
8781,000000;2,900000;0,000000
8784,000000;2,900000;0,000000
8787,000000;2,900000;0,000000
8790,000000;2,900000;0,000000
8793,000000;2,900000;0,000000
8796,000000;2,900000;0,000000
8799,000000;2,900000;0,000000
8802,000000;2,900000;0,000000
8805,000000;2,900000;0,000000
8808,000000;2,900000;0,000000
8811,000000;2,900000;0,000000
8814,000000;2,900000;0,000000
8817,000000;2,900000;0,000000
8820,000000;2,900000;0,000000
8823,000000;2,900000;0,000000
8826,000000;2,900000;0,000000
8829,000000;2,900000;0,000000
8832,000000;2,900000;0,000000
8835,000000;2,900000;0,000000
8838,000000;2,900000;0,000000
8841,000000;2,900000;0,000000
8844,000000;2,900000;0,000000
8847,000000;2,900000;0,000000
8850,000000;2,900000;0,000000
8853,000000;2,900000;0,000000
8856,000000;2,900000;0,000000
8859,000000;2,899000;0,000000
8862,000000;2,899000;0,000000
8865,000000;2,899000;0,000000
8868,000000;2,899000;0,000000
8871,000000;2,900000;0,000000
8874,000000;2,900000;0,000000
8877,000000;2,900000;0,000000
8880,000000;2,900000;0,000000
8883,000000;2,900000;0,000000
8886,000000;2,900000;0,000000
8889,000000;2,900000;0,000000
8892,000000;2,900000;0,000000
8895,000000;2,900000;0,000000
8898,000000;2,900000;0,000000
8901,000000;2,900000;0,000000
8904,000000;2,900000;0,000000
8907,000000;2,900000;0,000000
8910,000000;2,900000;0,000000
8913,000000;2,900000;0,000000
8916,000000;2,900000;0,000000
8919,000000;2,900000;0,000000
8922,000000;2,900000;0,000000
8925,000000;2,900000;0,000000
8928,000000;2,900000;0,000000
8931,000000;2,900000;0,000000
8934,000000;2,900000;0,000000
8937,000000;2,900000;0,000000
8940,000000;2,900000;0,000000
8943,000000;2,900000;0,000000
8946,000000;2,900000;0,000000
8949,000000;2,900000;0,000000
8952,000000;2,900000;0,000000
8955,000000;2,900000;0,000000
8958,000000;2,900000;0,000000
8961,000000;2,900000;0,000000
8964,000000;2,900000;0,000000
8967,000000;2,900000;0,000000
8970,000000;2,900000;0,000000
8973,000000;2,900000;0,000000
8976,000000;2,900000;0,000000
8979,000000;2,900000;0,000000
8982,000000;2,900000;0,000000
8985,000000;2,900000;0,000000
8988,000000;2,900000;0,000000
8991,000000;2,900000;0,000000
8994,000000;2,900000;0,000000
8997,000000;2,900000;0,000000
9000,000000;2,900000;0,000000
9003,000000;2,900000;0,000000
9006,000000;2,900000;0,000000
9009,000000;2,900000;0,000000
9012,000000;2,900000;0,000000
9015,000000;2,900000;0,000000
9018,000000;2,900000;0,000000
9021,000000;2,900000;0,000000
9024,000000;2,900000;0,000000
9027,000000;2,900000;0,000000
9030,000000;2,900000;0,000000
9033,000000;2,900000;0,000000
9036,000000;2,900000;0,000000
9039,000000;2,900000;0,000000
9042,000000;2,900000;0,000000
9045,000000;2,900000;0,000000
9048,000000;2,900000;0,000000
9051,000000;2,900000;0,000000
9054,000000;2,900000;0,000000
9057,000000;2,900000;0,000000
9060,000000;2,900000;0,000000
9063,000000;2,900000;0,000000
9066,000000;2,900000;0,000000
9069,000000;2,900000;0,000000
9072,000000;2,900000;0,000000
9075,000000;2,900000;0,000000
9078,000000;2,900000;0,000000
9081,000000;2,900000;0,000000
9084,000000;2,900000;0,000000
9087,000000;2,900000;0,000000
9090,000000;2,900000;0,000000
9093,000000;2,900000;0,000000
9096,000000;2,900000;0,000000
9099,000000;2,900000;0,000000
9102,000000;2,900000;0,000000
9105,000000;2,900000;0,000000
9108,000000;2,900000;0,000000
9111,000000;2,900000;0,000000
9114,000000;2,900000;0,000000
9117,000000;2,900000;0,000000
9120,000000;2,900000;0,000000
9123,000000;2,900000;0,000000
9126,000000;2,900000;0,000000
9129,000000;2,900000;0,000000
9132,000000;2,900000;0,000000
9135,000000;2,900000;0,000000
9138,000000;2,900000;0,000000
9141,000000;2,900000;0,000000
9144,000000;2,900000;0,000000
9147,000000;2,900000;0,000000
9150,000000;2,900000;0,000000
9153,000000;2,900000;0,000000
9156,000000;2,900000;0,000000
9159,000000;2,900000;0,000000
9162,000000;2,900000;0,000000
9165,000000;2,900000;0,000000
9168,000000;2,900000;0,000000
9171,000000;2,900000;0,000000
9174,000000;2,900000;0,000000
9177,000000;2,900000;0,000000
9180,000000;2,900000;0,000000
9183,000000;2,900000;0,000000
9186,000000;2,900000;0,000000
9189,000000;2,900000;0,000000
9192,000000;2,900000;0,000000
9195,000000;2,900000;0,000000
9198,000000;2,900000;0,000000
9201,000000;2,900000;0,000000
9204,000000;2,900000;0,000000
9207,000000;2,900000;0,000000
9210,000000;2,900000;0,000000
9213,000000;2,900000;0,000000
9216,000000;2,900000;0,000000
9219,000000;2,900000;0,000000
9222,000000;2,900000;0,000000
9225,000000;2,900000;0,000000
9228,000000;2,900000;0,000000
9231,000000;2,900000;0,000000
9234,000000;2,900000;0,000000
9237,000000;2,900000;0,000000
9240,000000;2,900000;0,000000
9243,000000;2,900000;0,000000
9246,000000;2,900000;0,000000
9249,000000;2,900000;0,000000
9252,000000;2,900000;0,000000
9255,000000;2,900000;0,000000
9258,000000;2,900000;0,000000
9261,000000;2,900000;0,000000
9264,000000;2,900000;0,000000
9267,000000;2,900000;0,000000
9270,000000;2,900000;0,000000
9273,000000;2,900000;0,000000
9276,000000;2,900000;0,000000
9279,000000;2,900000;0,000000
9282,000000;2,900000;0,000000
9285,000000;2,900000;0,000000
9288,000000;2,900000;0,000000
9291,000000;2,900000;0,000000
9294,000000;2,900000;0,000000
9297,000000;2,900000;0,000000
9300,000000;2,900000;0,000000
9303,000000;2,900000;0,000000
9306,000000;2,900000;0,000000
9309,000000;2,900000;0,000000
9312,000000;2,900000;0,000000
9315,000000;2,900000;0,000000
9318,000000;2,900000;0,000000
9321,000000;2,900000;0,000000
9324,000000;2,900000;0,000000
9327,000000;2,900000;0,000000
9330,000000;2,900000;0,000000
9333,000000;2,900000;0,000000
9336,000000;2,900000;0,000000
9339,000000;2,900000;0,000000
9342,000000;2,900000;0,000000
9345,000000;2,900000;0,000000
9348,000000;2,900000;0,000000
9351,000000;2,900000;0,000000
9354,000000;2,900000;0,000000
9357,000000;2,900000;0,000000
9360,000000;2,900000;0,000000
9363,000000;2,900000;0,000000
9366,000000;2,900000;0,000000
9369,000000;2,900000;0,000000
9372,000000;2,900000;0,000000
9375,000000;2,900000;0,000000
9378,000000;2,900000;0,000000
9381,000000;2,900000;0,000000
9384,000000;2,900000;0,000000
9387,000000;2,900000;0,000000
9390,000000;2,900000;0,000000
9393,000000;2,900000;0,000000
9396,000000;2,900000;0,000000
9399,000000;2,900000;0,000000
9402,000000;2,900000;0,000000
9405,000000;2,900000;0,000000
9408,000000;2,900000;0,000000
9411,000000;2,900000;0,000000
9414,000000;2,900000;0,000000
9417,000000;2,900000;0,000000
9420,000000;2,900000;0,000000
9423,000000;2,900000;0,000000
9426,000000;2,900000;0,000000
9429,000000;2,900000;0,000000
9432,000000;2,900000;0,000000
9435,000000;2,900000;0,000000
9438,000000;2,900000;0,000000
9441,000000;2,900000;0,000000
9444,000000;2,900000;0,000000
9447,000000;2,900000;0,000000
9450,000000;2,900000;0,000000
9453,000000;2,900000;0,000000
9456,000000;2,900000;0,000000
9459,000000;2,900000;0,000000
9462,000000;2,900000;0,000000
9465,000000;2,900000;0,000000
9468,000000;2,900000;0,000000
9471,000000;2,900000;0,000000
9474,000000;2,900000;0,000000
9477,000000;2,900000;0,000000
9480,000000;2,900000;0,000000
9483,000000;2,900000;0,000000
9486,000000;2,900000;0,000000
9489,000000;2,900000;0,000000
9492,000000;2,900000;0,000000
9495,000000;2,900000;0,000000
9498,000000;2,900000;0,000000
9501,000000;2,900000;0,000000
9504,000000;2,900000;0,000000
9507,000000;2,900000;0,000000
9510,000000;2,900000;0,000000
9513,000000;2,900000;0,000000
9516,000000;2,900000;0,000000
9519,000000;2,900000;0,000000
9522,000000;2,900000;0,000000
9525,000000;2,900000;0,000000
9528,000000;2,900000;0,000000
9531,000000;2,900000;0,000000
9534,000000;2,900000;0,000000
9537,000000;2,900000;0,000000
9540,000000;2,900000;0,000000
9543,000000;2,900000;0,000000
9546,000000;2,900000;0,000000
9549,000000;2,900000;0,000000
9552,000000;2,900000;0,000000
9555,000000;2,900000;0,000000
