0,0,0,0,0,0
-4088,47,264,-3867,1,-3
-4082,51,264,-3861,0,-3
-4078,45,277,-3862,-1,0
-4084,34,291,-3858,0,2
-4092,29,293,-3854,1,1
-4091,34,280,-3858,0,4
-4087,33,274,-3867,-1,6
-4086,32,273,-3867,-4,1
-4089,36,270,-3862,-4,-1
-4099,42,272,-3868,-1,-1
-4099,50,265,-3868,-2,4
-4088,48,263,-3862,-2,8
-4084,45,264,-3856,-5,3
-4086,40,256,-3866,-3,6
-4089,37,264,-3866,0,4
-4092,37,264,-3866,0,3
-4095,32,264,-3863,0,0
-4088,34,263,-3863,-1,-1
-4090,35,264,-3866,-1,1
-4093,35,269,-3868,0,0
-4092,35,269,-3864,-2,-1
-4091,39,271,-3862,-3,-2
-4084,34,266,-3860,0,-5
-4080,33,267,-3862,-1,-2
-4085,44,272,-3864,-1,-3
-4091,42,270,-3865,-1,-5
-4089,44,270,-3869,0,-5
-4090,40,274,-3875,-1,0
-4098,37,272,-3871,-1,1
-4096,32,276,-3868,-1,1
-4095,32,274,-3868,0,0
-4102,38,276,-3872,0,-1
-4100,40,278,-3874,0,-4
-4097,38,274,-3872,0,-5
-4089,37,265,-3869,-1,-1
-4086,35,263,-3870,-3,-2
-4088,35,276,-3869,-4,0
-4090,36,281,-3871,-4,1
-4095,36,273,-3870,-2,0
-4094,39,273,-3864,0,2
-4091,42,270,-3868,2,6
-4091,35,280,-3868,0,4
-4087,29,263,-3868,-2,1
-4083,39,257,-3865,-3,2
-4084,42,252,-3868,-1,7
-4085,42,250,-3866,0,3
-4090,39,261,-3859,0,1
-4091,40,275,-3862,2,6
-4091,39,277,-3864,3,7
-4088,37,277,-3868,3,5
-4089,36,281,-3866,2,2
-4092,36,265,-3864,1,7
-4098,38,264,-3871,0,4
-4091,36,254,-3874,0,3
-4085,40,258,-3866,1,-1
-4084,42,261,-3867,0,1
-4087,36,252,-3871,0,4
-4090,24,251,-3877,0,4
-4096,23,251,-3878,-1,3
-4092,24,260,-3868,-4,3
-4084,29,258,-3869,-3,3
-4083,39,264,-3866,-2,4
-4086,42,264,-3869,0,1
-4086,34,265,-3872,0,-1
-4085,29,254,-3867,-1,-1
-4087,30,262,-3869,0,2
-4091,34,267,-3873,0,1
-4088,32,266,-3881,0,-1
-4083,28,263,-3879,0,-2
-4086,27,276,-3870,0,0
-4086,35,272,-3868,0,-5
-4088,40,258,-3866,0,-5
-4088,38,268,-3867,0,-3
-4091,41,271,-3866,0,0
-4090,40,276,-3868,0,0
-4084,43,271,-3874,1,-1
-4092,45,268,-3874,2,-2
-4093,46,264,-3876,0,0
-4088,43,257,-3873,-2,0
-4088,40,255,-3869,-1,-2
-4092,38,255,-3876,0,1
-4098,37,256,-3873,-1,4
-4091,39,260,-3868,-1,4
-4081,40,269,-3869,0,0
-4084,28,270,-3872,-1,-2
-4081,22,262,-3873,-4,0
-4083,29,269,-3866,-3,0
-4089,32,277,-3865,0,-3
-4095,32,280,-3863,3,-2
-4092,34,268,-3868,4,1
-4090,33,271,-3867,3,1
-4090,20,268,-3865,0,0
-4092,24,273,-3872,-1,-2
-4090,31,274,-3872,3,-4
-4087,36,268,-3864,1,-3
-4095,41,264,-3861,0,3
-4091,38,260,-3860,-1,6
-4088,46,263,-3864,-5,3
-4087,41,267,-3869,-4,4
-4085,41,262,-3870,-2,5
-4084,37,271,-3870,-1,5
-4088,32,269,-3876,2,6
-4094,30,280,-3874,6,3
-4095,35,281,-3877,5,3
-4090,36,273,-3875,2,1
-4090,39,272,-3873,0,0
-4092,37,265,-3871,0,0
-4097,33,264,-3871,0,0
-4099,35,271,-3871,2,-3
-4101,42,271,-3870,1,-4
-4096,35,271,-3870,2,-2
-4095,33,273,-3877,4,0
-4089,33,268,-3876,2,0
-4093,37,271,-3874,5,0
-4095,41,277,-3870,2,1
-4097,41,278,-3870,-2,0
-4097,41,271,-3872,-4,-3
-4089,41,269,-3874,-4,-4
-4091,37,268,-3872,0,-1
-4089,45,266,-3871,-1,1
-4091,36,261,-3876,-2,3
-4095,39,266,-3871,-1,5
-4093,45,266,-3867,1,4
-4089,42,271,-3872,2,-1
-4089,44,275,-3869,0,0
-4090,32,277,-3868,-2,2
-4086,28,264,-3870,-1,5
-4088,28,242,-3870,-1,5
-4093,25,252,-3872,-2,0
-4092,34,257,-3873,-2,-1
-4089,41,253,-3872,-1,-1
-4089,44,250,-3876,-2,0
-4096,38,249,-3870,0,0
-4093,36,253,-3869,0,2
-4089,38,260,-3872,1,0
-4086,39,271,-3869,0,0
-4089,40,268,-3873,0,2
-4096,40,274,-3877,1,-4
-4091,36,279,-3877,0,-2
-4088,38,272,-3877,1,-3
-4090,40,265,-3872,-1,-2
-4090,39,269,-3870,-2,3
-4088,34,267,-3868,-1,1
-4089,36,273,-3867,-1,-2
-4099,32,284,-3866,0,-3
-4092,26,271,-3870,0,-1
-4087,26,261,-3866,-1,-7
-4085,30,261,-3871,1,-7
-4080,33,262,-3869,2,0
-4088,41,270,-3873,0,1
-4088,42,275,-3875,1,2
-4093,39,268,-3872,0,4
-4093,36,271,-3862,0,7
-4089,36,281,-3867,0,9
-4092,38,275,-3873,0,6
-4094,37,275,-3864,0,8
-4089,39,277,-3862,0,9
-4084,32,268,-3865,1,7
-4092,32,270,-3870,0,3
-4092,32,277,-3864,-1,4
-4091,33,263,-3870,-2,2
-4093,32,256,-3873,-5,0
-4096,28,263,-3870,-4,-1
-4088,31,266,-3872,-3,-5
-4080,30,267,-3871,-3,-4
-4082,31,264,-3870,-1,-6
-4090,38,262,-3870,1,-4
-4086,47,259,-3875,3,-4
-4092,40,241,-3874,-1,-6
-4086,37,247,-3873,-4,-2
-4087,40,262,-3869,-2,-3
-4096,42,270,-3867,-1,-5
-4088,37,264,-3872,0,-5
-4088,42,276,-3867,1,-2
-4086,39,280,-3867,2,0
-4091,40,277,-3875,4,-4
-4093,44,265,-3871,1,-4
-4090,39,271,-3866,0,0
-4089,39,275,-3865,-1,2
-4084,47,295,-3865,-1,6
-4085,49,275,-3864,-3,2
-4088,46,268,-3869,-4,0
-4086,43,267,-3863,-2,2
-4086,31,272,-3864,-2,1
-4088,31,271,-3868,0,1
-4090,33,264,-3868,0,4
-4089,36,261,-3865,0,0
-4089,35,276,-3868,-1,-4
-4090,39,264,-3866,-1,-7
-4096,41,256,-3863,1,-4
-4095,35,258,-3867,2,-2
-4094,34,270,-3864,1,-2
-4093,35,273,-3859,0,-2
-4088,30,271,-3860,0,0
-4091,31,267,-3865,0,-1
-4089,36,259,-3866,0,0
-4091,35,260,-3868,-3,-5
-4097,35,257,-3869,-5,-4
-4094,36,265,-3868,-3,-2
-4093,33,265,-3868,-5,3
-4089,33,252,-3874,-4,-2
-4087,34,255,-3869,-1,-4
-4087,38,263,-3865,1,-1
-4084,35,271,-3864,2,2
-4088,34,272,-3869,3,0
-4095,37,271,-3870,0,0
-4094,36,270,-3870,0,2
-4097,39,271,-3868,3,2
-4098,36,271,-3866,2,0
-4096,36,273,-3872,3,3
-4097,36,277,-3866,3,3
-4092,35,265,-3864,1,5
-4091,41,258,-3864,3,3
-4094,42,261,-3869,2,2
-4092,40,261,-3870,1,7
-4084,34,265,-3869,3,12
-4079,39,265,-3874,1,11
-4082,34,257,-3878,0,11
-4086,30,272,-3881,0,3
-4087,30,275,-3874,0,0
-4087,34,275,-3873,0,3
-4087,46,286,-3873,1,3
-4091,47,276,-3873,2,3
-4093,44,272,-3873,1,6
-4086,38,272,-3874,0,5
-4085,41,273,-3871,0,-1
-4095,47,259,-3874,-1,0
-4102,52,272,-3870,-2,4
-4099,53,271,-3869,-1,4
-4093,52,268,-3871,-1,2
-4085,39,263,-3873,-2,0
-4083,34,263,-3872,-1,-1
-4087,30,272,-3872,-1,-1
-4084,26,276,-3869,0,1
-4085,31,276,-3868,0,4
-4091,34,282,-3868,0,6
-4090,37,283,-3865,0,3
-4090,39,281,-3865,0,3
-4091,35,282,-3865,2,1
-4091,36,275,-3873,0,5
-4089,36,278,-3876,-3,5
-4088,35,272,-3874,-3,5
-4092,35,287,-3866,0,5
-4094,37,288,-3863,0,1
-4090,41,277,-3865,0,4
-4091,43,272,-3869,-1,1
-4092,42,278,-3869,1,0
-4094,40,268,-3868,3,-1
-4091,35,275,-3867,3,-2
-4099,36,278,-3874,1,-3
-4098,34,280,-3868,0,0
-4087,34,279,-3867,-1,0
-4081,37,282,-3867,0,0
-4084,36,278,-3870,1,-2
-4087,39,274,-3875,-2,0
-4088,40,268,-3875,0,0
-4090,36,267,-3872,0,-1
-4085,36,264,-3872,0,0
-4097,30,256,-3865,-2,-1
-4100,23,266,-3863,-1,-2
-4089,26,269,-3858,-1,-1
-4095,32,279,-3858,1,1
-4100,43,281,-3859,2,0
-4097,43,277,-3861,4,4
-4089,37,280,-3865,2,6
-4096,42,283,-3866,0,5
-4090,42,272,-3866,-2,-1
-4085,35,271,-3868,-1,-3
-4082,31,269,-3867,-1,-1
-4086,24,266,-3865,-1,0
-4091,30,273,-3866,-1,2
-4090,40,273,-3871,0,4
-4089,39,279,-3870,-2,2
-4095,37,283,-3864,-2,3
-4088,41,276,-3861,-1,4
-4085,46,289,-3862,-1,3
-4074,49,283,-3868,-1,2
-4086,43,273,-3866,-2,0
-4089,42,270,-3866,-4,1
-4087,41,271,-3868,-3,0
-4097,41,283,-3860,-1,-3
-4099,40,293,-3856,-2,0
-4093,37,275,-3860,-2,-1
-4085,41,273,-3862,-2,-6
-4088,35,263,-3862,-4,-7
-4088,30,261,-3864,-2,-4
-4094,29,261,-3864,-1,-5
-4098,34,269,-3866,0,-6
-4095,32,274,-3866,0,-4
-4094,28,274,-3863,-1,0
-4094,34,262,-3865,-1,0
-4086,44,264,-3859,0,-1
-4079,47,272,-3861,-1,0
-4078,46,269,-3865,-2,4
-4087,44,264,-3870,-3,7
-4092,41,269,-3866,0,2
-4088,38,275,-3873,3,0
-4085,45,275,-3866,3,2
-4093,48,270,-3864,1,3
-4094,40,266,-3866,4,3
-4091,37,261,-3869,3,-1
-4098,35,268,-3875,1,0
-4091,32,266,-3878,-2,-2
-4088,31,262,-3874,-3,-2
-4093,27,264,-3871,-3,-5
-4098,32,254,-3870,-3,-3
-4094,30,242,-3864,-1,0
-4094,32,247,-3864,-2,3
-4093,25,256,-3862,0,2
-4093,28,259,-3864,3,-1
-4090,32,262,-3867,1,1
-4089,25,268,-3870,-1,2
-4085,30,275,-3868,-5,0
-4088,37,269,-3867,-6,-2
-4092,36,261,-3866,-3,-2
-4098,40,267,-3866,-1,0
-4098,47,267,-3870,-2,-3
-4099,48,269,-3870,0,-5
-4099,46,282,-3865,0,-3
-4092,43,283,-3866,-1,0
-4092,40,283,-3868,-2,0
-4091,35,279,-3864,0,-3
-4085,40,286,-3868,0,-2
-4091,36,269,-3866,0,0
-4099,34,260,-3864,0,0
-4098,31,267,-3862,-1,1
-4091,32,276,-3862,-3,2
-4095,25,277,-3861,-3,1
-4090,25,271,-3864,-3,0
-4091,31,260,-3861,-2,0
-4092,45,264,-3865,-1,0
-4095,52,266,-3872,0,-1
-4092,50,275,-3871,0,-5
-4092,50,278,-3879,-1,-4
-4097,49,283,-3870,-5,-2
-4088,48,274,-3869,-3,0
-4087,38,264,-3871,-4,3
-4088,36,268,-3869,-4,-1
-4093,34,268,-3860,-3,-5
-4088,36,272,-3858,-4,-5
-4084,42,279,-3862,-2,-3
-4087,50,268,-3866,0,-7
-4092,49,270,-3870,-1,-6
-4090,38,269,-3868,-2,-3
-4093,32,281,-3869,-3,0
-4089,33,276,-3866,-4,-3
-4083,41,279,-3864,-4,-3
-4082,37,280,-3866,-4,-2
-4085,38,281,-3867,0,0
-4087,36,283,-3867,0,0
-4095,36,273,-3865,-3,-3
-4092,34,272,-3868,-2,-3
-4090,34,274,-3867,-2,-1
-4084,35,278,-3865,0,0
-4074,37,278,-3866,2,-1
-4075,36,270,-3870,1,0
-4081,33,269,-3868,2,1
-4085,40,273,-3866,1,1
-4081,40,287,-3861,-4,-2
-4081,42,286,-3868,-4,2
-4082,41,279,-3871,-1,4
-4091,45,281,-3870,-1,1
-4094,48,277,-3869,-2,-3
-4090,51,264,-3867,-4,-5
-4088,46,257,-3866,-4,-3
-4091,43,265,-3862,-5,0
-4091,42,261,-3860,-5,0
-4081,43,269,-3866,-2,0
-4083,42,265,-3867,-1,-2
-4086,36,269,-3867,-4,0
-4082,43,275,-3874,-5,-3
-4080,37,279,-3873,-4,0
-4086,36,281,-3878,-7,3
-4088,39,290,-3876,-4,4
-4083,43,284,-3871,-3,2
-4088,42,269,-3865,-3,-1
-4085,46,276,-3867,-3,4
-4082,44,277,-3865,-2,2
-4087,43,278,-3867,0,2
-4091,41,276,-3863,-3,3
-4094,32,266,-3865,-3,2
-4093,42,263,-3866,0,-1
-4088,45,268,-3865,0,-2
-4082,43,275,-3869,-3,0
-4087,43,273,-3866,-4,1
-4088,51,272,-3864,-4,2
-4089,51,273,-3865,-4,3
-4094,45,265,-3860,-3,1
-4093,41,271,-3861,-4,1
-4095,38,262,-3864,-2,2
-4094,41,269,-3866,-1,0
-4098,43,276,-3866,-2,-3
-4101,47,273,-3865,-3,-2
-4097,40,262,-3863,-2,-3
-4094,42,263,-3864,-4,-2
-4093,51,275,-3868,-1,0
-4099,48,270,-3870,-1,0
-4104,42,279,-3874,-4,-1
-4099,41,280,-3869,-3,3
-4093,43,279,-3865,-1,4
-4088,34,274,-3866,-1,4
-4082,41,278,-3868,0,4
-4083,44,288,-3870,-1,2
-4079,42,287,-3872,-2,0
-4083,42,279,-3870,0,1
-4084,43,284,-3868,-3,0
-4086,35,276,-3866,-1,-2
-4079,36,286,-3865,-2,-2
-4080,40,276,-3866,-1,1
-4081,43,263,-3869,0,0
-4081,42,268,-3866,0,1
-4079,37,275,-3861,0,7
-4077,40,279,-3861,1,6
-4073,39,284,-3863,1,0
-4077,39,274,-3862,1,0
-4085,40,273,-3863,0,1
-4094,43,271,-3868,-1,1
-4093,41,268,-3870,-2,0
-4090,39,272,-3867,0,0
-4090,41,274,-3866,0,-1
-4085,42,286,-3866,-2,0
-4086,37,283,-3872,-1,0
-4091,32,264,-3873,0,0
-4095,33,266,-3872,0,-1
-4091,37,270,-3874,0,-2
-4091,35,275,-3875,-1,0
-4088,40,276,-3869,-2,3
-4086,36,270,-3865,0,4
-4084,41,272,-3868,0,1
-4088,41,272,-3871,-1,0
-4091,35,273,-3871,-1,3
-4087,32,276,-3872,-1,4
-4089,30,270,-3871,-2,3
-4087,34,273,-3868,-1,3
-4080,41,273,-3867,-2,5
-4083,42,270,-3867,-1,7
-4083,43,277,-3867,1,6
-4085,42,276,-3865,2,2
-4085,43,274,-3864,1,0
-4090,43,278,-3864,2,1
-4091,42,284,-3871,2,0
-4085,42,279,-3879,1,-4
-4086,44,277,-3878,0,-3
-4087,44,280,-3874,1,-2
-4092,43,285,-3875,0,-2
-4088,40,289,-3870,-2,-2
-4081,36,286,-3864,-6,0
-4088,30,287,-3866,-5,-2
-4089,41,283,-3870,-3,0
-4087,40,287,-3866,1,-3
-4085,41,270,-3867,0,-6
-4093,41,251,-3866,-2,-3
-4091,35,250,-3870,-2,0
-4082,32,252,-3866,-2,2
-4083,35,251,-3869,-3,-4
-4087,40,249,-3870,0,-4
-4081,43,246,-3870,0,-1
-4082,40,257,-3869,1,2
-4083,40,271,-3873,2,0
-4082,41,275,-3867,-1,-1
-4082,35,269,-3868,-4,0
-4081,32,262,-3869,0,3
-4088,27,268,-3873,-3,1
-4092,31,270,-3869,-2,3
-4088,29,270,-3866,0,5
-4082,28,262,-3864,1,5
-4078,36,261,-3865,0,4
-4086,37,262,-3870,-2,2
-4093,35,270,-3866,0,1
-4093,31,268,-3873,0,0
-4084,33,266,-3874,2,0
-4078,34,269,-3871,0,0
-4090,32,264,-3868,-1,-2
-4088,31,262,-3870,0,1
-4091,30,267,-3871,-1,-3
-4094,32,271,-3869,-2,-4
-4082,30,264,-3871,-2,-2
-4084,33,272,-3873,-3,-2
-4088,39,274,-3861,0,2
-4091,37,267,-3857,-1,1
-4086,41,268,-3863,-1,-1
-4080,41,263,-3869,-1,0
-4084,37,261,-3878,0,2
-4093,32,257,-3879,0,6
-4096,31,271,-3879,-2,7
-4088,35,274,-3874,-3,1
-4088,38,262,-3874,-1,0
-4090,39,262,-3867,0,0
-4099,38,273,-3865,0,-1
-4100,42,280,-3868,1,1
-4093,37,281,-3871,5,0
-4085,40,278,-3870,5,-1
-4082,47,288,-3867,2,0
-4079,42,285,-3864,0,4
-4080,38,284,-3863,0,3
-4086,38,277,-3866,0,1
-4089,39,265,-3867,-3,2
-4092,40,263,-3869,-1,3
-4097,38,266,-3869,2,5
-4095,44,278,-3870,0,7
-4096,46,284,-3864,-3,4
-4092,47,279,-3861,-4,0
-4096,50,277,-3863,-3,1
-4101,49,273,-3865,-2,1
-4099,41,275,-3870,-1,-4
-4104,42,273,-3873,-1,-1
-4104,41,274,-3867,0,4
-4091,47,278,-3872,0,2
-4087,45,278,-3874,-2,1
-4085,44,269,-3877,-2,3
-4088,45,267,-3871,0,1
-4092,44,268,-3867,-2,3
-4101,43,274,-3869,-3,1
-4103,41,277,-3869,-4,-2
-4097,35,275,-3868,-5,1
-4092,35,281,-3869,-1,5
-4094,36,276,-3872,0,6
-4097,43,274,-3871,0,5
-4094,42,281,-3875,1,9
-4095,41,276,-3874,-2,10
-4097,36,275,-3876,-3,6
-4098,46,276,-3872,-3,1
-4096,46,279,-3871,-4,1
-4095,42,266,-3867,-2,3
-4089,41,266,-3867,-3,3
-4092,47,262,-3867,-6,2
-4086,49,266,-3867,-3,2
-4088,39,258,-3869,-2,5
-4091,33,261,-3870,-3,6
-4086,30,269,-3868,-3,3
-4091,37,279,-3867,-4,0
-4087,37,282,-3872,-2,-1
-4091,31,290,-3869,-2,5
-4099,32,283,-3869,-5,3
-4101,35,276,-3867,-5,3
-4094,36,270,-3863,-3,4
-4094,43,263,-3862,-3,4
-4084,47,280,-3865,-1,2
-4079,39,280,-3866,-1,2
-4082,30,279,-3869,-3,4
-4086,36,284,-3868,-4,4
-4084,44,278,-3869,-1,3
-4087,42,271,-3869,-1,1
-4093,35,277,-3863,-3,0
-4093,26,282,-3867,-1,2
-4089,21,283,-3863,-2,6
-4098,30,274,-3858,-1,4
-4098,36,277,-3865,-2,2
-4099,37,281,-3861,-1,3
-4097,34,278,-3862,-1,4
-4096,37,273,-3864,-1,3
-4095,40,271,-3861,0,5
-4093,40,270,-3863,1,2
-4088,41,278,-3868,0,3
-4088,37,274,-3871,0,0
-4087,42,270,-3862,0,-1
-4085,42,272,-3863,2,0
-4090,39,262,-3863,2,-2
-4090,41,266,-3869,0,0
-4090,42,272,-3865,0,0
-4087,37,272,-3863,0,-3
-4086,35,266,-3865,0,-4
-4088,39,278,-3866,1,-3
-4093,44,276,-3867,3,-4
-4092,44,277,-3867,4,-4
-4086,43,270,-3872,0,-1
-4088,42,278,-3871,0,0
-4100,37,273,-3868,0,0
-4098,32,270,-3867,-2,-1
-4093,32,270,-3868,0,0
-4088,31,271,-3868,-1,3
-4085,34,268,-3860,-1,1
-4087,37,269,-3861,0,-2
-4088,43,274,-3857,1,-4
-4093,44,277,-3862,-1,-5
-4093,46,275,-3863,-2,-6
-4096,51,259,-3866,-4,-5
-4094,51,263,-3858,-3,-1
-4096,43,266,-3856,-1,2
-4093,40,258,-3855,-3,-1
-4088,35,261,-3860,-3,1
-4086,33,259,-3867,1,4
-4091,34,269,-3866,0,0
-4089,38,263,-3865,-2,-5
-4085,38,259,-3862,-1,-1
-4077,30,263,-3867,-2,0
-4078,23,267,-3869,-2,0
-4092,24,268,-3869,0,-2
-4097,28,272,-3867,-2,-1
-4101,36,268,-3863,-2,1
-4100,42,273,-3864,-2,0
-4100,37,272,-3873,0,-4
-4102,28,267,-3872,0,-4
-4105,34,260,-3868,0,0
-4106,35,254,-3867,1,3
-4097,41,251,-3866,2,-4
-4093,44,257,-3872,5,-4
-4089,37,258,-3869,4,-3
-4093,36,263,-3871,0,-1
-4092,32,261,-3864,0,-2
-4093,41,256,-3861,3,-4
-4091,44,252,-3865,4,-4
-4087,37,251,-3869,1,-5
-4088,40,256,-3866,0,-5
-4092,41,275,-3865,-1,-5
-4094,47,284,-3864,0,-4
-4091,50,277,-3865,0,-1
-4087,51,266,-3866,0,-2
-4085,45,271,-3864,1,-3
-4086,50,275,-3867,0,1
-4086,48,274,-3867,0,0
-4097,44,278,-3866,1,2
-4090,41,268,-3866,0,0
-4087,39,270,-3866,0,0
-4089,34,271,-3866,-1,0
-4089,34,278,-3865,0,0
-4090,30,273,-3863,2,1
-4087,30,270,-3862,0,3
-4094,34,266,-3859,-3,3
-4091,40,270,-3857,-3,5
-4087,46,263,-3863,0,4
-4086,39,259,-3864,0,5
-4091,33,262,-3864,1,2
-4091,39,270,-3863,1,2
-4093,32,268,-3870,0,0
-4094,44,262,-3871,0,0
-4090,40,253,-3869,-1,-2
-4089,30,263,-3869,2,-2
-4093,31,274,-3870,2,-2
-4097,33,275,-3869,0,-3
-4093,35,263,-3872,0,0
-4090,39,261,-3871,-1,0
-4088,42,262,-3869,-4,-1
-4088,44,259,-3865,-6,-1
-4089,47,259,-3867,-4,-2
-4090,43,255,-3867,0,3
-4088,42,264,-3869,0,1
-4087,37,261,-3865,0,-4
-4087,35,260,-3867,-1,-6
-4089,35,258,-3866,0,-2
-4088,37,273,-3870,1,0
-4097,33,274,-3864,0,0
-4097,38,256,-3857,0,0
-4097,42,261,-3857,0,2
-4095,36,273,-3863,-1,5
-4098,33,271,-3866,-1,2
-4097,33,270,-3870,-5,0
-4096,38,260,-3870,-2,1
-4098,38,262,-3870,1,4
-4099,30,255,-3872,0,4
-4097,32,261,-3863,-2,1
-4094,36,266,-3860,0,-2
-4090,34,280,-3860,0,0
-4086,33,286,-3859,1,2
-4083,40,279,-3859,4,0
-4088,46,276,-3865,4,0
-4093,44,270,-3874,3,1
-4093,44,272,-3875,2,2
-4093,40,273,-3870,2,4
-4088,44,268,-3868,3,2
-4086,40,268,-3867,0,2
-4088,40,271,-3868,2,0
-4084,42,266,-3870,-2,1
-4082,41,266,-3871,-4,1
-4090,40,261,-3866,-1,3
-4093,38,262,-3861,0,3
-4089,47,260,-3866,-4,0
-4087,47,257,-3866,-3,2
-4088,42,268,-3859,0,5
-4090,39,267,-3864,1,4
-4089,41,273,-3866,0,0
-4092,36,277,-3867,1,-2
-4090,35,273,-3866,3,-1
-4102,36,273,-3858,0,0
-4098,34,265,-3858,0,0
-4091,36,268,-3860,1,0
-4092,33,254,-3856,4,3
-4086,38,249,-3853,3,-2
-4086,36,256,-3855,1,-4
-4084,39,254,-3858,1,-2
-4091,36,258,-3863,2,1
-4093,36,268,-3862,3,2
-4098,43,271,-3861,1,5
-4097,42,279,-3860,0,4
-4094,46,279,-3857,-1,1
-4100,42,272,-3860,0,4
-4096,39,270,-3862,1,0
-4098,31,273,-3867,0,-3
-4090,36,276,-3864,-1,-1
-4087,34,276,-3863,-1,0
-4089,33,277,-3863,0,1
-4088,25,274,-3863,3,1
-4094,25,273,-3865,3,-3
-4093,33,267,-3868,2,1
-4083,37,270,-3866,1,3
-4088,40,258,-3865,0,3
-4092,34,258,-3864,0,1
-4085,35,266,-3865,3,6
-4084,37,275,-3863,3,6
-4085,46,275,-3865,1,5
-4088,47,274,-3865,2,5
-4091,40,267,-3863,1,3
-4087,36,258,-3863,1,3
-4084,36,261,-3863,1,0
-4077,35,268,-3866,1,-1
-4081,34,281,-3866,0,1
-4082,37,281,-3865,0,2
-4085,34,279,-3866,2,0
-4094,42,275,-3871,2,-1
-4089,43,271,-3871,0,1
-4094,43,272,-3870,0,2
-4090,38,267,-3865,1,2
-4095,39,280,-3865,2,0
-4093,42,276,-3865,0,0
-4086,34,272,-3860,0,0
-4089,33,265,-3859,1,0
-4099,30,269,-3863,2,0
-4092,38,281,-3871,1,0
-4083,41,291,-3871,0,-3
-4083,39,293,-3869,0,-2
-4082,42,274,-3867,0,-1
-4087,40,260,-3867,0,-3
-4087,41,253,-3866,0,-3
-4084,44,255,-3864,2,0
-4083,46,253,-3863,1,-1
-4084,39,253,-3867,0,-3
-4083,38,256,-3865,-1,-2
-4089,35,264,-3870,-1,3
-4093,34,270,-3868,-1,2
-4086,37,268,-3866,-1,0
-4084,35,261,-3859,0,0
-4092,35,252,-3856,0,3
-4094,33,250,-3858,0,2
-4090,32,258,-3861,-4,0
-4092,29,263,-3864,-4,0
-4091,33,257,-3863,-2,-2
-4086,37,262,-3860,-4,0
-4086,35,261,-3863,-2,0
-4089,35,261,-3869,-2,-2
-4086,36,266,-3860,-1,-2
-4083,39,274,-3858,0,-3
-4084,37,269,-3866,-1,-4
-4090,32,266,-3864,-4,-2
-4096,30,271,-3861,-3,0
-4096,30,280,-3863,0,0
-4097,28,280,-3861,0,0
-4093,37,276,-3866,-1,0
-4088,41,279,-3864,0,2
-4084,45,283,-3868,0,3
-4085,43,273,-3869,0,1
-4088,36,273,-3871,1,-1
-4083,36,275,-3870,0,-1
-4083,40,267,-3865,0,2
-4085,48,261,-3865,0,4
-4091,52,263,-3868,0,0
-4091,44,274,-3864,1,2
-4091,37,265,-3866,0,3
-4091,40,272,-3867,2,2
-4091,36,284,-3864,-1,0
-4084,40,287,-3862,-1,-4
-4086,40,271,-3861,0,-2
-4089,40,277,-3858,0,0
-4094,35,271,-3858,0,1
-4093,35,255,-3860,2,0
-4091,41,261,-3856,1,1
-4096,39,264,-3859,0,-2
-4092,39,268,-3867,0,-3
-4091,39,277,-3864,-2,-8
-4094,37,273,-3867,-1,-3
-4097,37,274,-3871,-2,0
-4105,38,266,-3874,-3,-2
-4101,45,265,-3867,-1,-2
-4109,50,263,-3863,-2,0
-4106,36,270,-3866,-3,0
-4095,36,278,-3864,-1,0
-4097,45,277,-3861,-1,2
-4101,48,266,-3861,-3,1
-4093,42,274,-3856,-1,4
-4088,51,271,-3860,-2,6
-4082,52,275,-3861,0,5
-4078,37,277,-3863,0,2
-4081,39,267,-3862,0,0
-4089,38,261,-3860,0,-3
-4090,32,271,-3859,0,-1
-4092,34,273,-3861,-1,0
-4098,28,267,-3864,-2,0
-4096,31,276,-3866,0,0
-4097,32,280,-3870,-1,-2
-4090,29,276,-3864,-2,-1
-4087,29,271,-3867,-1,1
-4089,30,269,-3867,1,3
-4093,42,273,-3863,1,5
-4089,40,271,-3863,2,0
-4087,25,268,-3863,0,-4
-4082,25,267,-3862,0,0
-4079,24,261,-3864,0,-2
-4083,31,270,-3871,2,-2
-4086,36,273,-3871,2,-2
-4087,38,261,-3867,2,-1
-4087,40,272,-3865,2,-1
-4086,46,275,-3862,1,-2
-4085,44,285,-3868,-1,0
-4084,46,281,-3866,-1,0
-4088,42,278,-3864,-2,-2
-4088,45,286,-3862,-1,-4
-4089,46,279,-3863,0,-4
-4098,49,274,-3862,0,3
-4087,39,284,-3861,1,0
-4084,37,279,-3867,0,0
-4088,35,276,-3870,-3,0
-4091,32,280,-3867,-1,4
-4096,41,276,-3865,-1,6
-4101,43,281,-3861,-2,3
-4100,42,281,-3861,-4,5
-4098,38,273,-3865,-5,2
-4091,35,274,-3865,-3,1
-4081,35,270,-3861,-2,0
-4085,39,269,-3864,-4,0
-4091,28,267,-3866,-2,2
-4088,27,262,-3857,-1,0
-4089,27,279,-3864,-3,0
-4084,34,281,-3867,-6,0
-4094,40,270,-3867,-3,0
-4099,46,269,-3870,0,0
-4100,43,276,-3869,-1,3
-4090,44,282,-3862,-1,1
-4089,39,282,-3863,-2,0
-4088,41,282,-3862,-1,-3
-4094,39,269,-3864,0,-1
-4084,35,264,-3863,0,-2
-4084,34,267,-3862,-2,-5
-4091,35,261,-3863,-2,0
-4092,42,277,-3865,0,2
-4094,44,278,-3865,0,3
-4089,38,285,-3861,0,6
-4091,34,279,-3862,1,4
-4097,35,275,-3862,2,7
-4097,33,283,-3863,0,4
-4093,38,284,-3865,0,4
-4092,40,283,-3871,2,4
-4089,42,270,-3869,0,4
-4088,38,266,-3865,0,6
-4097,36,270,-3863,-2,2
-4097,39,267,-3865,-1,4
-4092,48,271,-3861,0,4
-4092,42,269,-3865,0,3
-4092,23,256,-3864,0,1
-4089,18,248,-3864,0,-18
-4088,61,234,-3861,0,-53
-4104,33,200,-3858,-23,-147
-4107,28,214,-3858,-16,-308
-4102,25,248,-3859,-4,-416
-4086,20,281,-3863,2,-433
-4084,34,282,-3871,3,-424
-4088,42,258,-3870,-4,-458
-4085,-17,244,-3872,4,-559
-4083,-150,260,-3867,77,-591
-4083,-283,303,-3864,163,-437
-4086,-184,393,-3856,228,-232
-4091,-253,415,-3854,245,-67
-4119,-187,404,-3859,301,46
-4075,116,427,-3863,291,120
-4067,480,393,-3859,248,263
-4062,436,335,-3861,130,525
-4068,255,297,-3866,116,692
-4079,141,267,-3860,89,771
-4087,108,270,-3866,33,809
-4092,76,239,-3866,-10,811
-4089,68,210,-3863,-14,750
-4094,49,229,-3866,19,648
-4102,34,234,-3860,16,565
-4101,34,215,-3864,-2,469
-4103,50,175,-3862,-14,323
-4111,39,160,-3864,-6,118
-4112,30,184,-3865,4,-86
-4108,36,227,-3860,5,-241
-4102,34,242,-3858,-4,-345
-4089,35,245,-3858,-3,-422
-4083,30,248,-3857,-2,-484
-4085,24,256,-3863,4,-542
-4087,28,275,-3861,-1,-560
-4085,23,283,-3864,-6,-546
-4079,52,292,-3866,-1,-510
-4083,51,264,-3866,14,-464
-4094,48,248,-3865,42,-455
-4097,49,253,-3865,52,-468
-4092,57,280,-3863,52,-481
-4085,40,301,-3865,51,-477
-4093,44,297,-3864,67,-454
-4102,28,284,-3868,88,-423
-4098,50,299,-3865,115,-433
-4104,42,303,-3861,115,-449
-4105,37,283,-3860,118,-446
-4101,35,272,-3854,132,-457
-4115,40,256,-3858,155,-484
-4113,37,257,-3855,185,-521
-4111,47,256,-3858,235,-549
-4098,39,275,-3859,299,-555
-4145,118,304,-3861,305,-543
-4145,128,310,-3859,229,-538
-4133,112,312,-3859,144,-535
-4126,107,304,-3860,70,-529
-4146,115,279,-3863,30,-543
-4138,111,251,-3864,-11,-595
-4132,85,233,-3863,-36,-674
-4136,107,217,-3864,-56,-767
-4130,116,212,-3861,-91,-883
-4091,236,146,-3860,-128,-959
-4086,341,66,-3862,-211,-933
-4035,557,-53,-3856,-324,-827
-4178,410,-30,-3857,-493,-698
-4064,263,0,-3858,-547,-767
-4088,64,38,-3865,-553,-776
-4095,79,66,-3867,-502,-635
-4048,186,33,-3868,-501,-452
-4056,205,103,-3871,-563,-239
-4088,218,126,-3861,-594,-107
-3984,166,25,-3862,-646,132
-3961,119,81,-3856,-699,510
-3711,293,-40,-3855,-760,848
-3803,489,-9,-3857,-950,1354
-4417,448,395,-3861,-1067,1346
-4548,290,561,-3869,-991,836
-4210,223,559,-3865,-845,813
-3681,304,579,-3863,-791,1291
-3363,471,843,-3861,-855,1655
-3337,152,846,-3860,-721,1516
-5006,-678,902,-3856,-682,1415
-4010,-315,700,-3853,-1000,1630
-4326,-385,722,-3858,-850,1676
-4252,-377,729,-3857,-728,1653
-4185,-533,609,-3859,-717,1569
-4171,-663,497,-3862,-687,1544
-4111,-668,464,-3860,-687,1428
-4124,-691,323,-3862,-624,1185
-4137,-688,121,-3863,-444,973
-4134,-429,96,-3864,-260,760
-4129,-162,81,-3869,-125,400
-4118,-43,102,-3866,-70,32
-4107,0,157,-3867,-46,-254
-4106,16,187,-3865,-24,-461
-4100,33,225,-3863,-13,-600
-4099,32,244,-3858,-15,-693
-4100,41,256,-3856,-17,-764
-4098,40,256,-3860,-11,-806
-4093,39,282,-3859,1,-814
-4083,37,305,-3863,12,-763
-4072,41,336,-3862,6,-651
-4069,36,355,-3859,-3,-488
-4076,30,357,-3864,-11,-306
-4075,23,346,-3865,-11,-129
-4073,28,339,-3864,-5,32
-4074,34,333,-3863,-4,176
-4081,36,337,-3861,-7,300
-4086,44,324,-3867,-8,414
-4084,48,303,-3864,-6,501
-4087,43,282,-3868,-5,564
-4090,31,264,-3872,-7,577
-4094,32,236,-3873,-8,554
-4100,34,218,-3867,-8,491
-4099,39,226,-3870,-7,402
-4099,46,221,-3870,-3,305
-4093,46,219,-3866,-3,204
-4096,39,222,-3858,-5,96
-4093,38,228,-3863,-5,-9
-4098,38,232,-3865,-3,-106
-4096,35,244,-3865,-3,-186
-4094,35,253,-3861,0,-253
-4091,38,260,-3859,0,-295
-4088,38,262,-3861,0,-317
-4094,36,274,-3866,0,-320
-4094,45,302,-3866,0,-304
-4086,47,308,-3868,-1,-266
-4079,46,307,-3867,-1,-211
-4083,42,303,-3868,-1,-142
-4087,42,300,-3869,0,-72
-4095,40,309,-3860,0,-6
-4090,43,298,-3857,0,53
-4082,42,285,-3863,-1,108
-4081,38,284,-3868,1,151
-4089,45,287,-3866,6,182
-4090,49,284,-3866,1,207
-4089,45,270,-3862,-1,214
-4084,47,257,-3863,-2,206
-4090,39,259,-3867,-5,191
-4090,37,257,-3862,-4,164
-4090,32,249,-3861,-3,124
-4090,36,259,-3861,0,81
-4089,34,270,-3864,-2,37
-4091,41,267,-3865,-1,-4
-4089,42,264,-3861,-3,-38
-4083,31,267,-3868,-2,-69
-4081,31,266,-3864,-1,-92
-4082,27,273,-3863,-1,-100
-4084,25,281,-3861,-1,-102
-4089,30,282,-3858,-4,-103
-4090,37,286,-3862,-2,-97
-4086,46,295,-3863,-1,-81
-4089,42,288,-3866,-1,-56
-4087,34,284,-3865,0,-35
-4084,39,286,-3862,0,-12
-4088,37,279,-3865,-1,14
-4084,35,270,-3869,0,38
-4086,38,263,-3864,-2,53
-4087,43,275,-3857,-4,69
-4087,39,272,-3855,-4,75
-4086,35,279,-3862,-3,81
-4083,38,275,-3865,-3,82
-4085,36,269,-3858,-4,73
-4093,44,258,-3860,-4,61
-4093,48,253,-3860,-3,50
-4087,-1,233,-3857,0,36
-4097,47,244,-3861,-4,9
-4098,60,261,-3861,-27,-41
-4102,37,253,-3865,-20,-84
-4102,57,265,-3868,-11,-113
-4095,36,266,-3874,3,-124
-4091,41,280,-3871,0,-102
-4101,49,254,-3864,-14,-86
-4096,53,256,-3858,-8,-110
-4096,48,261,-3858,3,-132
-4090,44,287,-3856,10,-120
-4090,40,297,-3859,4,-74
-4096,47,298,-3865,-10,-35
-4094,35,282,-3861,-5,-16
-4081,46,294,-3858,-7,-12
-4086,31,277,-3859,6,7
-4069,50,302,-3864,4,27
-4086,29,280,-3871,-3,59
-4083,39,283,-3871,-4,87
-4083,44,270,-3867,0,93
-4100,37,274,-3863,9,88
-4088,44,280,-3865,3,97
-4092,45,258,-3861,-7,100
-4105,40,235,-3860,-5,73
-4094,34,238,-3866,0,33
-4077,35,271,-3866,1,14
-4083,3,281,-3866,-6,9
-4102,-259,216,-3869,-43,-41
-4106,-478,198,-3868,-84,-160
-4144,-79,208,-3860,-152,-302
-4111,270,140,-3859,-344,-366
-4018,-122,279,-3859,-470,-432
-4182,-326,363,-3860,-213,-820
-4081,511,117,-3856,57,-1256
-4117,286,200,-3861,-102,-1286
-4090,81,250,-3862,-185,-1285
-4076,-367,342,-3860,-184,-1480
-4121,-957,463,-3858,31,-1846
-4089,-890,556,-3859,335,-2114
-4052,-577,548,-3861,523,-1916
-4046,-65,637,-3861,581,-1631
-4041,-313,624,-3866,609,-1273
-3939,-993,815,-3865,918,-1095
-3973,-644,905,-3864,1417,-1033
-3987,540,772,-3861,1554,-646
-4034,1195,534,-3861,1160,280
-4029,964,454,-3865,616,1013
-4076,643,38,-3867,375,1424
-4213,197,-129,-3868,372,1835
-4141,536,45,-3869,378,2057
-4161,506,-22,-3866,290,2047
-4156,461,-79,-3870,182,2008
-4159,309,-34,-3868,74,1834
-4189,174,94,-3865,-57,1717
-4163,68,163,-3863,-86,1571
-4231,50,133,-3862,-27,1242
-4230,-30,123,-3866,159,700
-4101,69,135,-3871,293,228
-3908,122,116,-3872,251,-72
-3891,258,129,-3868,96,-280
-3883,190,167,-3865,-61,-445
-3947,151,217,-3861,-148,-607
-4187,-20,224,-3859,-198,-765
-4251,-120,236,-3861,-54,-1012
-4159,21,334,-3869,-28,-1053
-4141,11,299,-3873,-27,-979
-4102,22,352,-3869,-13,-917
-4091,11,351,-3869,11,-813
-4075,24,373,-3867,10,-668
-4082,25,368,-3862,1,-494
-4070,30,405,-3859,4,-299
-4065,34,405,-3863,18,-30
-4062,33,408,-3863,46,272
-4071,46,358,-3856,86,532
-4084,46,329,-3853,109,698
-4097,65,319,-3855,124,800
-4094,106,352,-3860,122,916
-4094,162,352,-3860,92,1068
-4077,227,379,-3862,40,1163
-4079,115,315,-3857,-1,1147
-4084,-25,218,-3860,-11,1116
-4081,-40,203,-3858,-29,1042
-4100,-62,166,-3852,-58,884
-4121,-114,131,-3857,-68,712
-4114,-61,148,-3854,-40,514
-4112,-21,159,-3857,-7,295
-4108,2,164,-3862,5,86
-4113,18,174,-3862,3,-111
-4107,28,192,-3859,2,-288
-4104,28,209,-3851,8,-440
-4108,30,223,-3852,21,-565
-4096,26,246,-3855,39,-655
-4090,24,269,-3867,47,-703
-4082,18,304,-3866,49,-708
-4077,20,323,-3859,40,-661
-4076,22,344,-3862,26,-566
-4070,20,349,-3858,17,-443
-4074,19,342,-3864,12,-307
-4077,30,334,-3866,6,-161
-4080,37,336,-3871,5,-25
-4081,38,324,-3870,2,103
-4069,63,325,-3866,-3,228
-4056,183,350,-3867,-32,345
-4090,287,343,-3868,-100,463
-4085,196,312,-3866,-153,523
-4098,-49,263,-3868,-134,539
-4095,-1,259,-3865,-80,537
-4093,305,301,-3862,-122,489
-4099,923,377,-3863,-313,381
-4054,1634,484,-3863,-692,242
-4057,1693,517,-3862,-1096,75
-4078,1789,617,-3861,-1413,-77
-4092,1673,605,-3865,-1721,-253
-4045,1443,586,-3870,-2015,-442
-4057,1091,377,-3866,-2379,-544
-4008,719,58,-3862,-2702,-381
-4075,-69,21,-3863,-2966,-175
-4159,-1906,111,-3867,-2880,-292
-4163,-3208,-23,-3871,-2288,-115
-4154,-2650,-103,-3874,-1505,277
-4146,-1119,29,-3866,-1077,378
-4088,120,186,-3859,-981,219
-4070,269,267,-3858,-1063,311
-4105,-264,374,-3859,-973,630
-4099,-569,427,-3862,-692,860
-4100,-521,373,-3865,-429,997
-4086,-252,302,-3864,-382,1121
-4105,-5,358,-3860,-475,1123
-4121,-47,367,-3865,-573,1023
-4125,-138,356,-3860,-552,1047
-4189,-134,535,-3859,-497,1098
-4295,-347,697,-3862,-436,802
-4304,-672,649,-3859,-352,435
-4300,-691,584,-3860,-251,235
-4304,-631,674,-3864,-180,-77
-4292,-342,478,-3869,-127,-503
-4283,-66,200,-3872,-230,-704
-4409,-2,107,-3874,-430,-853
-4513,-152,67,-3867,-615,-1176
-4532,-281,-2,-3871,-706,-1521
-4508,-306,-18,-3869,-707,-1750
-4517,-287,26,-3865,-648,-1961
-4490,-330,49,-3860,-541,-2168
-4331,-413,9,-3861,-446,-2239
-4301,-376,-2,-3862,-357,-2183
-4294,-319,6,-3860,-257,-2146
-4281,-301,-1,-3860,-149,-2068
-4273,-289,7,-3866,-29,-1950
-4285,-260,19,-3866,94,-1834
-4288,-211,31,-3869,209,-1721
-4304,-184,62,-3866,311,-1638
-4313,-178,62,-3862,414,-1593
-4327,-183,81,-3869,525,-1575
-4312,-156,119,-3874,635,-1570
-4324,-122,152,-3872,724,-1582
-4325,-124,159,-3870,806,-1616
-4323,-106,164,-3868,881,-1671
-4352,-74,180,-3864,948,-1743
-4383,-87,184,-3863,1014,-1827
-4413,-124,198,-3861,1078,-1897
-4458,-157,221,-3862,1133,-1958
-4507,-186,245,-3863,1175,-2029
-4563,-212,265,-3857,1202,-2093
-4611,-237,296,-3862,1206,-2133
-4656,-255,336,-3864,1209,-2175
-4689,-275,381,-3861,1223,-2228
-4711,-297,454,-3862,1261,-2273
-4730,-319,549,-3863,1325,-2337
-4733,-333,646,-3865,1413,-2416
-4749,-335,760,-3867,1514,-2493
-4780,-339,865,-3866,1616,-2576
-4835,-346,939,-3862,1719,-2687
-4892,-356,987,-3863,1822,-2809
-4970,-388,1026,-3863,1923,-2947
-5045,-427,1053,-3868,2028,-3116
-5122,-470,1079,-3866,2137,-3301
-5197,-507,1099,-3857,2244,-3504
-5256,-522,1095,-3855,2338,-3713
-5285,-550,1082,-3859,2385,-3908
-5344,-572,1083,-3860,2391,-4127
-5362,-596,1050,-3861,2353,-4356
-5369,-619,1016,-3862,2258,-4512
-5401,-631,1039,-3860,2136,-4682
-5405,-675,1073,-3858,1977,-4924
-5399,-739,1091,-3863,1783,-5136
-5424,-733,1150,-3866,1560,-5344
-5447,-694,1196,-3868,1326,-5612
-5480,-629,1252,-3867,1097,-5908
-5487,-557,1262,-3864,897,-6270
-5436,-499,1258,-3864,748,-6684
-5376,-457,1230,-3859,647,-7115
-5275,-414,1158,-3863,576,-7537
-5169,-352,1044,-3867,515,-7909
-5049,-342,979,-3870,469,-8300
-4892,-290,870,-3869,445,-8687
-4793,-240,820,-3862,431,-8948
-4758,-296,828,-3858,477,-9155
-4764,-326,868,-3861,607,-9358
-4708,-317,850,-3864,767,-9485
-4665,-396,856,-3858,953,-9497
-4697,-514,879,-3863,1181,-9486
-4770,-685,896,-3863,1461,-9528
-4864,-860,852,-3858,1762,-9565
-4994,-962,834,-3859,2049,-9537
-5111,-1038,855,-3863,2291,-9519
-5225,-1132,864,-3863,2462,-9489
-5326,-1223,889,-3865,2582,-9477
-5404,-1286,926,-3867,2672,-9536
-5449,-1339,964,-3865,2757,-9708
-5455,-1361,956,-3862,2852,-9937
-5408,-1371,935,-3866,2957,-10181
-5382,-1361,923,-3864,3079,-10442
-5321,-1328,860,-3865,3227,-10725
-5231,-1289,819,-3863,3391,-10970
-5155,-1234,797,-3864,3581,-11226
-5045,-1202,761,-3859,3787,-11472
-4937,-1190,703,-3858,4002,-11642
-4896,-1146,689,-3863,4214,-11751
-4813,-1100,651,-3866,4433,-11908
-4708,-1061,633,-3865,4593,-12001
-4635,-1010,646,-3865,4699,-12076
-4569,-966,675,-3867,4785,-12115
-4509,-935,726,-3869,4838,-12080
-4493,-902,847,-3868,4873,-12071
-4454,-843,958,-3870,4887,-12134
-4400,-809,1023,-3869,4832,-12179
-4372,-778,1121,-3868,4784,-12183
-4374,-755,1230,-3870,4770,-12270
-4334,-748,1244,-3870,4789,-12443
-4290,-743,1249,-3870,4808,-12503
-4281,-718,1286,-3865,4850,-12564
-4291,-704,1346,-3860,4946,-12800
-4238,-674,1305,-3864,5055,-13067
-4181,-639,1269,-3868,5135,-13185
-4235,-626,1318,-3867,5174,-13290
-4222,-618,1303,-3863,5222,-13514
-4113,-601,1192,-3867,5222,-13625
-4054,-595,1166,-3860,5170,-13558
-4092,-593,1249,-3862,5096,-13524
-4053,-602,1265,-3869,5007,-13593
-4040,-594,1329,-3872,4867,-13572
-4037,-606,1422,-3874,4709,-13553
-4040,-621,1502,-3874,4560,-13576
-4069,-638,1604,-3874,4414,-13601
-4079,-664,1691,-3871,4269,-13658
-4081,-700,1754,-3865,4117,-13712
-4118,-720,1838,-3863,3964,-13785
-4086,-753,1910,-3861,3828,-13919
-4062,-771,1956,-3863,3699,-14045
-4029,-793,1964,-3862,3577,-14184
-3971,-829,1926,-3866,3467,-14307
-3928,-857,1857,-3870,3397,-14390
-3881,-896,1775,-3873,3376,-14469
-3802,-934,1707,-3871,3408,-14539
-3709,-955,1670,-3871,3485,-14549
-3648,-961,1642,-3867,3592,-14526
-3558,-973,1606,-3863,3731,-14528
-3423,-976,1538,-3857,3888,-14472
-3350,-955,1482,-3852,4029,-14308
-3299,-925,1436,-3853,4171,-14176
-3210,-884,1388,-3856,4298,-14056
-3114,-841,1350,-3861,4401,-13877
-3076,-774,1341,-3858,4490,-13699
-2994,-713,1317,-3863,4555,-13574
-2898,-667,1279,-3860,4572,-13410
-2898,-617,1298,-3857,4655,-13307
-2736,-453,1338,-3859,5532,-13830
-2572,-327,1291,-3857,6553,-14251
-2466,-122,1404,-3858,7305,-14357
-2469,73,1547,-3863,7658,-14657
-2441,150,1476,-3863,7403,-15027
-2455,17,1388,-3865,6815,-15242
-2512,-152,1338,-3864,6242,-15412
-2550,-282,1321,-3863,5704,-15509
-2536,-364,1351,-3863,5192,-15521
-2486,-425,1447,-3862,4693,-15412
-2475,-515,1559,-3858,4226,-15260
-2443,-597,1649,-3864,3868,-15101
-2411,-651,1740,-3863,3629,-14942
-2369,-691,1811,-3864,3488,-14761
-2377,-693,1911,-3863,3422,-14561
-2441,-678,2053,-3864,3400,-14517
-2374,-582,2057,-3866,3448,-14565
-2327,-453,2120,-3869,3479,-14532
-2369,-394,2212,-3870,3467,-14549
-2324,-337,2266,-3869,3460,-14588
-2311,-320,2484,-3867,3431,-14620
-2092,-519,2831,-3871,3444,-14716
-1918,-650,3151,-3867,3598,-14722
-1986,-638,3281,-3867,3718,-14619
-2194,-600,3245,-3864,3746,-14615
-2325,-522,3087,-3860,3732,-14739
-2331,-419,2812,-3860,3653,-14753
-2431,-423,2716,-3865,3531,-14625
-2633,-401,2778,-3863,3455,-14524
-2748,-390,2841,-3867,3392,-14706
-2664,-374,2780,-3868,3386,-14875
-2555,-332,2742,-3865,3389,-14858
-2395,-347,2757,-3864,3402,-14726
-2422,-385,2980,-3862,3404,-14596
-2354,-449,3082,-3862,3388,-14748
-2096,-434,3136,-3858,3424,-14833
-1940,-365,3041,-3850,3354,-14804
-1870,-276,2982,-3856,3199,-14635
-1892,-259,2981,-3858,2971,-14469
-1799,-261,2945,-3858,2715,-14242
-1720,-243,2973,-3856,2533,-13878
-1604,-335,3161,-3860,2471,-13416
-1539,-294,3282,-3861,2497,-12971
-1436,-314,3334,-3859,2514,-12562
-1353,-432,3399,-3859,2510,-12165
-1304,-552,3424,-3859,2520,-11812
-1310,-591,3372,-3860,2508,-11513
-1306,-613,3199,-3863,2453,-11177
-1431,-506,3109,-3863,2404,-10797
-1601,-363,2999,-3864,2275,-10560
-1642,-291,2957,-3864,2086,-10457
-1571,-170,2858,-3865,1890,-10250
-1446,-89,2857,-3866,1655,-9947
-1434,-14,2914,-3864,1378,-9671
-1445,94,2924,-3861,1101,-9425
-1411,96,2948,-3859,817,-9179
-1301,20,3025,-3860,572,-8867
-1361,60,3074,-3862,367,-8585
-1477,104,3090,-3861,185,-8414
-1624,119,3074,-3860,6,-8348
-1579,158,3070,-3857,-104,-8260
-1361,-81,3347,-3852,-171,-8049
-1279,-274,3655,-3854,-108,-7834
-1266,-366,3831,-3857,0,-7687
-1226,-367,3835,-3856,134,-7563
-1331,-336,3928,-3860,260,-7471
-1453,-353,3916,-3862,352,-7557
-1428,-294,3867,-3863,459,-7581
-1396,-213,3857,-3866,483,-7638
-1399,-212,3858,-3865,413,-7676
-1318,-180,3777,-3863,335,-7690
-1302,-155,3765,-3857,236,-7672
-1355,-174,3792,-3853,134,-7662
-1367,-185,3798,-3854,65,-7797
-1348,-209,3803,-3855,19,-7946
-1358,-242,3827,-3860,-14,-8105
-1278,-313,3754,-3863,-66,-8281
-1130,-361,3640,-3859,-127,-8219
-1075,-369,3647,-3859,-186,-8148
-1071,-401,3656,-3859,-236,-8301
-1049,-446,3605,-3858,-287,-8446
-984,-401,3575,-3865,-333,-8498
-928,-357,3550,-3866,-396,-8503
-883,-333,3464,-3865,-505,-8404
-840,-292,3392,-3862,-676,-8154
-925,-251,3473,-3860,-882,-7977
-967,-247,3489,-3854,-1066,-8113
-835,-209,3392,-3851,-1208,-8191
-734,-223,3324,-3859,-1408,-7998
-859,-279,3491,-3861,-1628,-7782
-846,-373,3509,-3859,-1747,-7932
-752,-443,3465,-3857,-1815,-7894
-773,-513,3529,-3855,-1911,-7685
-809,-621,3604,-3856,-1970,-7528
-780,-687,3560,-3858,-1986,-7379
-796,-707,3592,-3861,-1999,-7104
-749,-718,3559,-3863,-1996,-6841
-735,-708,3533,-3860,-1958,-6539
-782,-721,3533,-3859,-1925,-6266
-914,-727,3641,-3860,-1910,-6094
-1013,-736,3711,-3862,-1896,-6145
-879,-707,3642,-3869,-1848,-6161
-845,-700,3667,-3869,-1843,-5998
-854,-749,3705,-3863,-1848,-5875
-825,-764,3718,-3865,-1811,-5762
-866,-853,3784,-3865,-1781,-5699
-850,-959,3737,-3862,-1752,-5680
-831,-981,3743,-3861,-1676,-5535
-870,-1033,3778,-3865,-1607,-5422
-912,-1059,3815,-3865,-1523,-5367
-939,-1058,3860,-3859,-1441,-5337
-927,-1067,3863,-3857,-1364,-5372
-918,-1061,3879,-3862,-1264,-5402
-918,-1049,3909,-3860,-1179,-5423
-911,-1027,3903,-3856,-1093,-5412
-880,-1014,3926,-3858,-991,-5383
-830,-987,3929,-3865,-882,-5305
-833,-973,3962,-3863,-781,-5222
-869,-957,4036,-3862,-673,-5276
-832,-912,4047,-3858,-562,-5372
-927,-899,4188,-3858,-494,-5417
-938,-901,4170,-3856,-438,-5641
-641,-802,4025,-3861,-321,-5664
-625,-784,4051,-3866,-305,-5391
-754,-841,4068,-3869,-310,-5137
-801,-872,4028,-3870,-203,-5112
-794,-826,4063,-3867,-51,-5107
-872,-813,4062,-3864,47,-5194
-878,-815,4039,-3864,125,-5418
-808,-786,3927,-3867,174,-5590
-714,-762,3843,-3866,220,-5685
-654,-722,3897,-3865,232,-5706
-635,-711,3900,-3861,198,-5767
-548,-706,3849,-3857,186,-5864
-446,-662,3825,-3857,179,-5836
-398,-631,3778,-3857,156,-5739
-383,-613,3761,-3858,140,-5622
-392,-583,3741,-3860,125,-5558
-299,-540,3629,-3853,89,-5469
-237,-504,3592,-3861,27,-5226
-245,-504,3603,-3862,-62,-5018
-220,-499,3589,-3859,-138,-4870
-176,-482,3525,-3859,-226,-4682
-160,-447,3507,-3855,-332,-4418
-134,-411,3488,-3856,-442,-4176
-110,-385,3495,-3856,-557,-3938
-41,-388,3434,-3856,-677,-3694
-41,-408,3417,-3861,-808,-3385
-56,-429,3422,-3860,-928,-3113
-31,-458,3403,-3854,-1006,-2844
-44,-490,3426,-3859,-1065,-2570
-81,-533,3439,-3862,-1108,-2323
-110,-568,3460,-3859,-1129,-2106
-143,-598,3475,-3854,-1139,-1917
-181,-617,3507,-3859,-1148,-1777
-199,-632,3560,-3856,-1149,-1673
-166,-646,3578,-3858,-1142,-1558
-162,-662,3612,-3865,-1128,-1428
-186,-691,3662,-3866,-1103,-1324
-223,-723,3718,-3865,-1058,-1234
-276,-752,3762,-3869,-996,-1169
-325,-779,3815,-3869,-907,-1134
-358,-804,3835,-3858,-795,-1122
-379,-819,3859,-3857,-675,-1110
-387,-834,3862,-3859,-555,-1105
-399,-843,3871,-3853,-439,-1113
-407,-855,3880,-3853,-338,-1137
-404,-862,3899,-3854,-245,-1163
-407,-864,3938,-3857,-158,-1180
-422,-876,3972,-3862,-75,-1208
-436,-878,4006,-3865,19,-1239
-468,-876,4053,-3864,116,-1273
-468,-851,4080,-3863,219,-1308
-485,-822,4116,-3860,302,-1338
-503,-813,4160,-3855,363,-1385
-510,-809,4177,-3860,416,-1441
-496,-809,4177,-3859,454,-1490
-482,-820,4165,-3861,475,-1524
-472,-823,4169,-3859,479,-1541
-484,-828,4179,-3860,469,-1564
-467,-834,4127,-3862,467,-1616
-436,-823,4071,-3862,473,-1622
-419,-805,4003,-3854,467,-1581
-425,-799,3958,-3856,454,-1529
-430,-792,3910,-3858,441,-1477
-418,-763,3880,-3857,421,-1419
-410,-756,3857,-3863,385,-1353
-405,-773,3854,-3860,337,-1271
-404,-802,3837,-3855,287,-1179
-404,-823,3837,-3856,241,-1091
-399,-841,3819,-3855,200,-1019
-392,-848,3812,-3850,161,-937
-394,-841,3786,-3852,117,-852
-407,-835,3768,-3852,70,-763
-422,-821,3748,-3852,27,-667
-416,-804,3725,-3852,-11,-574
-412,-779,3692,-3853,-48,-475
-402,-751,3676,-3852,-82,-364
-392,-713,3675,-3853,-124,-252
-380,-684,3700,-3853,-171,-143
-387,-664,3737,-3853,-223,-37
-399,-652,3761,-3856,-274,54
-395,-638,3803,-3861,-324,144
-410,-641,3868,-3861,-381,209
-423,-670,3923,-3865,-441,241
-420,-682,3972,-3864,-496,279
-418,-692,4029,-3871,-553,327
-422,-697,4105,-3868,-611,340
-444,-722,4161,-3862,-668,316
-445,-725,4182,-3853,-699,256
-444,-735,4213,-3852,-711,189
-428,-746,4207,-3853,-714,121
-413,-742,4190,-3852,-704,81
-415,-742,4182,-3849,-681,46
-413,-733,4177,-3849,-631,-5
-406,-728,4176,-3853,-571,-44
-417,-733,4180,-3852,-506,-91
-404,-743,4170,-3855,-437,-156
-380,-741,4160,-3859,-356,-215
-358,-738,4142,-3860,-276,-255
-360,-752,4103,-3859,-200,-274
-382,-740,4114,-3860,-128,-290
-372,-752,4095,-3858,-78,-323
-375,-748,4099,-3860,-28,-326
-389,-756,4085,-3861,14,-344
-409,-765,4076,-3861,63,-353
-421,-776,4085,-3863,109,-369
-444,-789,4092,-3859,156,-399
-445,-802,4087,-3853,207,-436
-438,-819,4075,-3852,263,-452
-447,-846,4064,-3857,315,-466
-435,-869,4027,-3862,372,-480
-433,-885,3981,-3859,439,-473
-435,-918,3944,-3856,509,-454
-435,-958,3915,-3856,595,-428
-438,-980,3909,-3857,688,-406
-449,-998,3903,-3856,784,-376
-466,-1013,3906,-3855,880,-344
-497,-1023,3910,-3857,981,-317
-514,-1027,3917,-3858,1094,-311
-531,-1032,3907,-3863,1223,-311
-536,-1027,3886,-3864,1353,-321
-533,-1025,3862,-3859,1477,-324
-536,-1014,3838,-3863,1593,-320
-536,-994,3820,-3862,1694,-318
-534,-975,3814,-3859,1782,-308
-529,-948,3826,-3865,1859,-296
-525,-925,3827,-3858,1924,-292
-507,-896,3831,-3863,1985,-296
-476,-874,3835,-3861,2060,-310
-458,-850,3848,-3865,2172,-329
-458,-829,3861,-3866,2331,-349
-458,-804,3878,-3866,2519,-382
-468,-779,3883,-3860,2722,-423
-467,-752,3895,-3863,2932,-484
-463,-731,3894,-3862,3130,-546
-444,-700,3895,-3859,3297,-602
-427,-659,3897,-3860,3424,-662
-420,-614,3907,-3859,3518,-708
-422,-579,3913,-3859,3560,-730
-433,-538,3951,-3860,3553,-755
-414,-519,3957,-3854,3525,-770
-425,-516,3973,-3857,3489,-759
-466,-534,4028,-3859,3449,-789
-443,-565,4036,-3859,3435,-849
-398,-571,4049,-3857,3464,-896
-364,-585,4066,-3861,3521,-932
-367,-594,4097,-3867,3600,-964
-431,-634,4151,-3868,3694,-1047
-365,-658,4078,-3860,3841,-1153
-383,-673,4041,-3858,4023,-1212
-386,-707,3925,-3861,4239,-1277
-405,-703,3842,-3858,4481,-1316
-424,-695,3811,-3858,4721,-1347
-458,-692,3835,-3861,4937,-1364
-503,-693,3873,-3863,5125,-1383
-559,-698,3962,-3856,5309,-1395
-608,-706,4086,-3848,5458,-1450
-622,-721,4174,-3851,5579,-1531
-641,-757,4255,-3851,5675,-1609
-635,-787,4309,-3852,5775,-1693
-662,-799,4352,-3853,5874,-1781
-706,-829,4362,-3851,5943,-1896
-777,-843,4364,-3851,6015,-2060
-829,-847,4352,-3854,6056,-2278
-822,-820,4289,-3854,6080,-2527
-770,-802,4190,-3858,6142,-2715
-729,-773,4130,-3854,6194,-2813
-714,-750,4113,-3856,6230,-2898
-674,-737,4087,-3861,6269,-2949
-667,-736,4107,-3861,6281,-2961
-648,-734,4122,-3863,6282,-2979
-616,-726,4139,-3861,6322,-2960
-629,-712,4174,-3858,6393,-2928
-642,-687,4177,-3857,6469,-2897
-722,-663,4205,-3854,6538,-2904
-787,-624,4201,-3852,6579,-3029
-750,-583,4109,-3852,6621,-3213
-704,-541,4045,-3854,6578,-3399
-533,-597,3985,-3854,6552,-3484
-408,-550,3968,-3853,6581,-3311
-354,-430,3944,-3858,6578,-3009
-390,-305,3986,-3855,6492,-2780
-368,-257,3969,-3857,6349,-2714
-289,-262,3915,-3862,6277,-2615
-238,-280,3879,-3863,6260,-2467
-221,-279,3872,-3859,6299,-2321
-213,-282,3853,-3854,6358,-2200
-218,-282,3821,-3850,6467,-2103
-237,-278,3807,-3853,6617,-2031
-280,-250,3825,-3856,6777,-1983
-321,-205,3856,-3850,6930,-2002
-333,-162,3880,-3852,7066,-2072
-309,-108,3891,-3853,7159,-2154
-269,-45,3919,-3850,7211,-2209
-252,10,3968,-3861,7219,-2249
-234,38,4016,-3864,7195,-2309
-188,24,4060,-3861,7173,-2342
-160,16,4126,-3859,7185,-2326
-164,11,4181,-3859,7226,-2318
-176,-1,4232,-3857,7295,-2344
-182,-6,4255,-3859,7376,-2383
-166,2,4247,-3851,7459,-2421
-162,5,4211,-3851,7543,-2430
-166,11,4163,-3855,7613,-2432
-183,20,4126,-3852,7673,-2426
-318,566,3492,-3856,7602,-2526
-75,1010,2330,-3858,6707,-2813
18,530,2498,-3861,5742,-2633
11,22,3159,-3862,5390,-2385
-8,-368,3692,-3860,5663,-2380
-114,-418,4242,-3856,6359,-2497
-174,-247,4545,-3852,6973,-2765
-193,-95,4647,-3854,7481,-3096
-115,35,4572,-3861,7975,-3355
-8,247,4422,-3859,8359,-3425
99,419,4235,-3855,8512,-3294
131,519,4150,-3858,8508,-3057
124,585,4108,-3858,8412,-2809
59,676,4094,-3853,8287,-2585
120,-278,5152,-3854,8392,-2272
-222,-137,5869,-3855,9592,-2100
-89,472,4980,-3852,10165,-2228
-173,669,4579,-3853,10105,-2145
-167,768,4455,-3852,9857,-2050
-71,599,4255,-3852,9559,-2042
-8,504,4105,-3851,9469,-1807
40,530,4098,-3853,9340,-1489
48,529,4145,-3852,9116,-1286
60,511,4190,-3852,8927,-1202
93,524,4221,-3852,8816,-1112
114,536,4234,-3854,8782,-953
115,555,4222,-3851,8715,-818
117,559,4180,-3852,8649,-705
108,553,4143,-3856,8598,-559
88,541,4101,-3858,8617,-411
106,539,4044,-3857,8706,-311
126,566,4047,-3859,8811,-187
127,575,4046,-3866,8927,-47
141,620,3960,-3859,9039,47
291,1260,2165,-3863,8779,148
417,1442,1318,-3863,7602,655
411,2186,1343,-3858,5962,764
303,587,3298,-3854,4866,852
351,-1119,6464,-3848,6198,1116
60,569,5437,-3851,8595,849
22,1757,2763,-3851,8384,441
-229,1188,3599,-3849,7388,344
44,2162,2851,-3851,6544,-445
75,-224,5145,-3850,6142,-148
-81,228,6108,-3846,8410,102
-11,1109,4223,-3850,9407,109
-249,1671,3119,-3854,8925,-93
-60,1341,3849,-3856,8333,-429
65,1265,3788,-3859,8039,-455
399,1095,3667,-3852,8283,-162
37,2069,2886,-3855,8177,511
319,1135,3212,-3851,7170,613
-36,952,4438,-3855,7143,662
-37,309,6001,-3852,8170,525
29,817,5001,-3853,9635,200
-133,1009,4305,-3853,10228,407
-201,1123,4030,-3854,10172,262
-155,1183,3795,-3858,9763,29
-30,1156,3494,-3856,9366,89
-13,1177,3432,-3856,9140,407
0,1250,3468,-3855,8934,593
17,1299,3516,-3852,8726,727
-8,1288,3601,-3857,8609,810
14,1491,3265,-3858,8574,842
212,2386,1354,-3860,7856,1145
153,1914,1719,-3863,6204,1937
-76,1106,3354,-3866,5413,1995
-120,732,5624,-3863,6370,1422
-192,1061,5954,-3861,8327,995
-441,1373,5284,-3856,9689,764
-484,1643,4948,-3857,10221,299
-302,1787,4643,-3856,10214,-272
-199,1791,4204,-3855,9880,-400
-153,1741,3832,-3854,9506,-108
-183,1822,3352,-3858,9064,249
-117,1725,3003,-3857,8411,695
-261,1676,3703,-3861,8029,984
-457,1604,4648,-3865,8365,749
-424,1562,4666,-3866,9133,182
-358,1567,4228,-3860,9668,-40
-386,1605,4084,-3861,9844,-97
-388,1600,3991,-3860,9855,-289
-337,1525,3798,-3861,9853,-488
-298,1494,3594,-3860,9948,-490
-291,1464,3437,-3858,10063,-416
-106,1650,2522,-3853,10032,-274
-105,1907,1338,-3857,9337,435
-383,1490,2524,-3860,8467,726
-220,1219,5100,-3856,9285,277
-82,1437,4940,-3850,10756,-237
-301,1348,4013,-3853,11603,-358
-324,1528,3763,-3855,12259,-399
-167,1660,3663,-3856,12541,-726
5,1642,3213,-3860,12507,-849
128,1774,2383,-3856,12261,-317
-25,1770,1939,-3860,11652,624
-161,1722,2288,-3858,11109,1034
-67,2005,2577,-3857,10894,809
23,1890,2941,-3861,10964,575
-42,1992,3384,-3859,11498,464
-24,1912,3654,-3860,12290,564
-253,1569,5008,-3865,13415,208
-179,1855,4861,-3860,14962,-641
-131,1880,3890,-3858,15705,-1181
-80,2042,3278,-3859,16016,-1430
217,2268,2371,-3855,15893,-1348
324,2465,1454,-3856,14861,-753
92,2411,2511,-3856,13851,-317
268,2763,2345,-3855,13387,-513
476,2494,2005,-3854,12530,0
30,2504,3601,-3859,12109,252
345,2768,4171,-3859,12792,-192
262,2705,3721,-3859,12719,-223
113,2364,5058,-3859,13236,-338
237,2751,4336,-3857,13925,-692
144,2669,3517,-3856,13558,-871
144,2793,3047,-3859,13025,-841
247,2979,2699,-3858,12359,-709
413,3122,1035,-3856,11019,-355
165,3283,267,-3860,8886,695
-38,3200,2110,-3862,7267,1060
153,3451,2694,-3858,6426,803
38,2781,4294,-3862,6185,771
79,3020,4667,-3861,7251,671
-188,2981,4743,-3859,8315,705
-232,3038,4316,-3858,9205,100
-114,3090,3787,-3861,9682,-343
-62,3118,3340,-3864,9522,-455
-25,3075,2941,-3855,8996,-296
-79,3074,2477,-3856,8253,-128
-107,2979,2273,-3861,7369,3
-177,2889,2822,-3862,6757,78
-141,2825,3361,-3857,6750,-11
-149,2729,3249,-3855,7055,-89
-253,2766,2952,-3853,7333,-74
-255,2801,2607,-3851,7454,-227
-205,2672,2901,-3852,7363,-348
-209,2625,3196,-3854,7521,-390
-261,2590,2909,-3852,7647,-363
-308,2553,2724,-3855,7596,-306
-272,2615,2669,-3858,7539,-314
-215,2654,2661,-3860,7411,-342
-185,2690,2625,-3858,7240,-357
-137,2733,2550,-3857,7078,-332
-108,2775,2519,-3859,6886,-257
-90,2830,2523,-3859,6687,-229
-60,2876,2517,-3858,6532,-230
-20,2920,2491,-3850,6396,-223
24,2969,2470,-3851,6260,-203
68,3017,2456,-3854,6156,-190
87,3053,2436,-3855,6041,-181
105,3081,2421,-3857,5932,-183
129,3117,2394,-3855,5838,-193
141,3139,2383,-3859,5757,-184
138,3157,2391,-3858,5698,-167
137,3168,2375,-3856,5643,-146
130,3195,2341,-3853,5573,-108
131,3230,2312,-3851,5497,-58
124,3243,2371,-3854,5425,11
115,3291,2455,-3855,5363,72
113,3339,2478,-3854,5293,102
129,3383,2470,-3850,5194,146
135,3426,2456,-3849,5073,209
118,3468,2466,-3854,4948,265
113,3500,2444,-3858,4823,316
95,3551,2452,-3856,4689,387
70,3607,2498,-3853,4554,443
59,3655,2547,-3853,4427,446
62,3672,2614,-3854,4315,437
36,3705,2658,-3856,4226,444
18,3734,2677,-3858,4146,439
13,3761,2703,-3857,4049,430
14,3785,2715,-3855,3916,428
20,3797,2708,-3856,3727,460
13,3806,2694,-3856,3480,521
26,3823,2666,-3854,3174,587
35,3831,2651,-3859,2802,663
50,3829,2636,-3851,2387,740
65,3820,2614,-3849,1931,819
65,3809,2594,-3849,1456,882
51,3798,2578,-3852,989,938
39,3784,2578,-3850,548,987
19,3768,2573,-3848,157,1020
-21,3747,2564,-3852,-183,1051
-69,3721,2567,-3856,-465,1082
-113,3698,2556,-3857,-688,1086
-166,3668,2550,-3860,-860,1082
-210,3645,2552,-3858,-978,1047
-223,3617,2555,-3856,-1049,1010
-246,3582,2548,-3852,-1099,977
-266,3550,2532,-3850,-1122,915
-268,3509,2492,-3853,-1134,834
-259,3472,2436,-3858,-1146,769
-253,3443,2390,-3855,-1147,722
-243,3431,2348,-3852,-1143,692
-231,3438,2336,-3853,-1141,674
-216,3447,2338,-3858,-1155,656
-201,3475,2334,-3857,-1191,641
-189,3503,2344,-3858,-1249,636
-173,3523,2359,-3860,-1317,650
-170,3547,2383,-3860,-1383,677
-165,3556,2413,-3853,-1462,708
-167,3563,2452,-3850,-1563,738
-167,3570,2488,-3848,-1679,758
-159,3569,2502,-3845,-1817,778
-155,3554,2512,-3849,-1961,793
-159,3533,2512,-3855,-2107,806
-173,3508,2507,-3854,-2244,813
-192,3484,2502,-3851,-2366,810
-219,3450,2493,-3848,-2461,796
-246,3409,2487,-3853,-2533,779
-269,3364,2487,-3850,-2585,761
-285,3322,2486,-3847,-2622,748
-291,3283,2482,-3847,-2656,731
-286,3247,2479,-3845,-2694,721
-292,3225,2481,-3846,-2734,717
-289,3208,2504,-3847,-2782,713
-288,3191,2538,-3855,-2849,706
-301,3186,2561,-3853,-2923,691
-342,3170,2593,-3853,-3004,679
-376,3147,2629,-3851,-3096,664
-398,3123,2652,-3850,-3214,641
-418,3103,2645,-3851,-3362,613
-422,3090,2637,-3856,-3542,597
-425,3070,2632,-3856,-3744,589
-429,3056,2629,-3852,-3934,575
-416,3066,2633,-3851,-4110,559
-398,3075,2649,-3851,-4274,538
-385,3088,2665,-3847,-4414,515
-373,3110,2662,-3845,-4530,500
-354,3135,2656,-3849,-4642,489
-338,3158,2662,-3848,-4744,495
-316,3179,2674,-3850,-4865,527
-300,3198,2690,-3852,-5024,580
-288,3212,2702,-3853,-5222,651
-284,3229,2715,-3852,-5467,724
-290,3244,2713,-3857,-5767,795
-302,3252,2722,-3856,-6093,853
-311,3260,2748,-3858,-6424,884
-315,3265,2769,-3850,-6744,904
-314,3262,2806,-3846,-7038,919
-304,3244,2840,-3845,-7290,927
-304,3242,2873,-3848,-7498,918
-301,3224,2907,-3849,-7674,888
-310,3194,2919,-3853,-7802,850
-316,3180,2938,-3853,-7885,815
-321,3186,2964,-3852,-7965,781
-327,3174,2995,-3849,-8037,739
-309,3155,3067,-3857,-8045,602
-329,3150,3031,-3855,-7926,381
-282,3155,3073,-3856,-7866,413
-269,3125,3077,-3855,-7904,450
-263,3112,3031,-3852,-7992,504
-229,3124,3007,-3854,-8162,556
-203,3126,2965,-3853,-8467,596
-168,3126,2906,-3852,-8872,626
-150,3114,2848,-3851,-9323,651
-136,3122,2825,-3850,-9772,670
-134,3117,2809,-3853,-10195,687
-161,3082,2815,-3853,-10567,698
-204,3044,2862,-3853,-10848,667
-250,3002,2912,-3854,-11026,600
-296,2944,2985,-3853,-11142,548
-341,2895,3067,-3848,-11185,494
-370,2829,3136,-3847,-11178,430
-396,2773,3200,-3852,-11122,363
-402,2738,3258,-3853,-11050,316
-401,2723,3277,-3851,-10994,296
-410,2715,3274,-3850,-10982,293
-412,2702,3232,-3848,-11032,298
-409,2700,3169,-3857,-11163,324
-401,2701,3087,-3852,-11364,365
-392,2688,3026,-3853,-11624,433
-396,2689,2970,-3851,-11928,525
-408,2675,2916,-3859,-12270,619
-411,2632,2884,-3858,-12616,692
-408,2583,2869,-3848,-12925,727
-396,2534,2888,-3847,-13173,735
-387,2479,2923,-3847,-13358,732
-399,2418,2983,-3849,-13453,712
-417,2361,3072,-3844,-13453,687
-463,2304,3179,-3848,-13369,645
-532,2235,3247,-3844,-13223,596
-590,2152,3302,-3847,-13044,541
-612,2072,3319,-3851,-12846,467
-624,1981,3341,-3843,-12618,400
-603,1911,3366,-3851,-12365,328
-575,1872,3388,-3848,-12001,245
-543,1834,3358,-3850,-11531,182
-502,1798,3355,-3851,-11016,144
-477,1795,3373,-3848,-10467,84
-473,1785,3402,-3848,-9957,31
-468,1762,3413,-3849,-9528,8
-469,1756,3447,-3857,-9159,11
-480,1756,3466,-3858,-8842,22
-507,1758,3461,-3858,-8551,34
-534,1746,3463,-3856,-8303,95
-545,1746,3515,-3853,-8103,170
-566,1741,3569,-3854,-7980,214
-561,1745,3538,-3853,-7952,260
-521,1760,3555,-3854,-7990,358
-508,1754,3530,-3853,-8073,424
-505,1723,3513,-3853,-8196,473
-492,1708,3496,-3850,-8331,495
-504,1672,3519,-3848,-8474,538
-497,1641,3591,-3843,-8604,544
-499,1606,3658,-3844,-8693,543
-496,1584,3723,-3845,-8738,538
-516,1568,3770,-3850,-8729,501
-507,1569,3770,-3845,-8685,435
-471,1578,3773,-3846,-8632,402
-453,1627,3774,-3849,-8580,443
-457,1709,3826,-3847,-8566,511
-473,1785,3871,-3843,-8591,523
-462,1836,3877,-3839,-8657,450
-422,1872,3801,-3842,-8761,385
-375,1873,3781,-3842,-8902,395
-338,1883,3838,-3844,-9058,405
-302,1932,3893,-3851,-9257,397
-254,1983,3899,-3846,-9532,371
-232,1990,3874,-3855,-9860,348
-233,1986,3878,-3851,-10184,314
-261,1945,3874,-3851,-10490,250
-302,1875,3926,-3851,-10720,139
-343,1803,3938,-3848,-10860,-30
-382,1703,3926,-3847,-10933,-166
-395,1660,4000,-3844,-10928,-238
-405,1618,4084,-3847,-10914,-319
-405,1582,4125,-3853,-10902,-446
-371,1569,4073,-3852,-10923,-542
-342,1573,4005,-3856,-10998,-535
-343,1608,4020,-3855,-11110,-488
-359,1618,4067,-3849,-11291,-490
-391,1585,4023,-3846,-11538,-570
-398,1488,3860,-3851,-11787,-618
-372,1384,3881,-3851,-11960,-584
-395,1280,3869,-3848,-12115,-624
-375,1174,3824,-3847,-12214,-674
-343,1117,3775,-3843,-12269,-677
-320,1040,3752,-3848,-12235,-628
-308,1007,3717,-3849,-12125,-611
-281,987,3670,-3852,-11988,-603
-288,979,3705,-3851,-11932,-535
-291,941,3616,-3849,-11964,-519
-263,947,3696,-3847,-12005,-483
-261,938,3708,-3843,-12101,-490
-218,909,3699,-3840,-12222,-487
-197,879,3667,-3836,-12359,-467
-177,857,3656,-3841,-12456,-422
-153,816,3607,-3840,-12494,-387
-121,789,3692,-3847,-12534,-363
-118,786,3728,-3846,-12617,-406
-111,767,3727,-3855,-12716,-437
-87,726,3767,-3856,-12797,-440
-84,684,3765,-3854,-12802,-453
-94,648,3711,-3852,-12735,-463
-99,604,3507,-3848,-12576,-459
-64,591,3554,-3844,-12325,-355
-69,659,3746,-3846,-12213,-287
-99,762,3917,-3844,-12316,-303
-147,866,4011,-3842,-12610,-354
-204,835,3895,-3839,-12896,-415
-266,718,3835,-3838,-13024,-379
-360,558,3818,-3840,-13026,-346
-453,452,3808,-3845,-12944,-374
-548,360,3808,-3844,-12776,-437
-604,291,3906,-3840,-12561,-509
-664,266,3973,-3838,-12419,-605
-673,211,4082,-3846,-12385,-703
-683,153,4081,-3845,-12420,-847
-621,100,4065,-3844,-12449,-999
-570,80,4112,-3847,-12428,-1073
-536,99,4219,-3854,-12429,-1101
-535,84,4248,-3849,-12479,-1150
-517,110,4220,-3845,-12581,-1229
-516,46,4191,-3849,-12647,-1279
-516,0,4191,-3848,-12703,-1315
-482,30,4227,-3845,-12778,-1345
-433,78,4325,-3844,-12884,-1341
-421,86,4321,-3847,-13017,-1331
-423,48,4224,-3852,-13060,-1346
-406,11,4227,-3856,-13013,-1364
-335,51,4218,-3854,-13013,-1384
-255,66,4158,-3855,-13102,-1388
-244,-19,4135,-3855,-13149,-1364
-221,17,4156,-3853,-13213,-1371
-170,53,4130,-3853,-13291,-1334
-132,-36,4051,-3850,-13287,-1273
-118,-7,4175,-3849,-13251,-1261
-94,51,4230,-3845,-13247,-1247
-62,13,4133,-3845,-13191,-1159
-145,-62,4334,-3847,-13285,-1071
-199,3,4251,-3847,-13250,-1210
-298,-148,4070,-3848,-13110,-1198
-440,-197,4096,-3844,-12995,-1252
-577,-238,4027,-3845,-12878,-1358
-694,-409,3942,-3841,-12688,-1479
-741,-545,3949,-3841,-12539,-1666
-727,-629,3949,-3842,-12484,-1839
-683,-736,3886,-3841,-12445,-1985
-637,-799,3916,-3845,-12361,-2132
-612,-807,3960,-3846,-12314,-2174
-575,-807,4109,-3846,-12237,-2206
-555,-818,4182,-3851,-12230,-2250
-558,-892,4088,-3851,-12199,-2336
-568,-940,3910,-3847,-12082,-2409
-561,-973,3753,-3846,-11919,-2403
-561,-1079,3625,-3844,-11804,-2348
-591,-1232,3490,-3845,-11745,-2289
-578,-1249,3462,-3849,-11720,-2238
-542,-1202,3479,-3850,-11731,-2160
-502,-1119,3499,-3847,-11776,-2081
-505,-1122,3392,-3847,-11694,-2074
-429,-1077,3348,-3842,-11347,-2061
-359,-1015,3468,-3845,-11118,-2030
-287,-945,3586,-3840,-11197,-2085
-232,-928,3596,-3840,-11480,-2210
-220,-955,3524,-3843,-11765,-2225
-226,-1047,3453,-3844,-11870,-2154
-234,-1125,3442,-3842,-11913,-2098
-238,-1205,3398,-3839,-12018,-2025
-258,-1284,3362,-3841,-12140,-1913
-269,-1306,3322,-3842,-12222,-1801
-238,-1285,3303,-3842,-12275,-1667
-170,-1194,3344,-3846,-12316,-1532
-67,-1050,3462,-3845,-12439,-1413
3,-973,3645,-3840,-12670,-1319
46,-945,3794,-3844,-12865,-1249
60,-970,3938,-3840,-12989,-1212
72,-1019,4019,-3843,-13094,-1172
71,-1118,4015,-3846,-13144,-1120
33,-1257,3970,-3848,-13154,-1085
0,-1358,3883,-3842,-13104,-1037
-44,-1462,3785,-3845,-13058,-958
-83,-1547,3728,-3845,-13018,-953
-114,-1633,3663,-3843,-13004,-987
-151,-1746,3596,-3842,-13024,-984
-154,-1818,3562,-3844,-12894,-1060
-148,-1879,3548,-3843,-12710,-1100
-105,-1908,3547,-3844,-12588,-1146
-87,-1927,3479,-3847,-12550,-1226
-99,-1966,3364,-3848,-12536,-1288
-119,-2014,3238,-3847,-12442,-1340
-130,-2080,3104,-3847,-12269,-1357
-145,-2165,2995,-3847,-12076,-1287
-159,-2259,2910,-3845,-11868,-1227
-160,-2311,2824,-3843,-11590,-1194
-145,-2315,2759,-3839,-11311,-1106
-128,-2259,2746,-3838,-11099,-995
-124,-2170,2770,-3837,-10959,-921
-108,-2072,2759,-3837,-10888,-865
-49,-1997,2734,-3838,-10901,-738
4,-1998,2745,-3840,-10933,-548
36,-2025,2777,-3839,-10949,-334
98,-2037,2856,-3844,-10885,-107
132,-2064,2937,-3846,-10751,104
187,-2037,2958,-3851,-10555,298
61,-2135,3209,-3854,-10272,387
281,-1944,2986,-3848,-9862,-90
147,-2039,3009,-3847,-10097,487
92,-2039,3109,-3846,-10336,516
114,-2099,3012,-3841,-10328,224
22,-2214,2871,-3842,-10349,427
54,-2240,2878,-3842,-10283,712
136,-2242,2864,-3844,-10151,855
90,-2324,2890,-3842,-10020,1080
27,-2355,2954,-3844,-9899,1268
94,-2309,2958,-3840,-9775,1302
160,-2266,2909,-3843,-9643,1473
52,-2385,2950,-3845,-9521,1718
-17,-2467,2976,-3843,-9389,1739
11,-2495,2925,-3838,-9189,1720
-66,-2628,2947,-3835,-8997,1818
-87,-2631,2897,-3833,-8789,1890
-126,-2708,2949,-3839,-8577,1948
-208,-2812,3044,-3841,-8415,1930
-167,-2744,3021,-3837,-8275,1865
-126,-2743,3010,-3839,-8144,1876
-111,-2737,3023,-3839,-8001,1929
-108,-2701,3012,-3840,-7840,1998
-139,-2731,3023,-3843,-7675,2139
-261,-2868,3090,-3840,-7548,2206
-229,-2782,3042,-3837,-7425,2210
-295,-2837,3073,-3836,-7357,2267
-253,-2769,2921,-3833,-7292,2261
-259,-2799,2853,-3842,-7188,2369
-397,-2933,2894,-3842,-7105,2392
-376,-2909,2846,-3845,-7005,2287
-265,-2840,2723,-3847,-6873,2292
-271,-2913,2723,-3838,-6740,2444
-333,-2969,2770,-3840,-6586,2508
-306,-2959,2801,-3847,-6415,2456
-375,-3068,2888,-3848,-6290,2404
-366,-3085,2913,-3848,-6185,2304
-320,-3096,2916,-3848,-6066,2229
-357,-3182,2968,-3847,-5982,2174
-358,-3194,2998,-3844,-5913,2062
-347,-3203,3005,-3847,-5830,1938
-363,-3244,2979,-3849,-5727,1842
-349,-3245,2930,-3844,-5573,1785
-344,-3261,2905,-3848,-5397,1777
-384,-3324,2931,-3842,-5231,1740
-358,-3294,2908,-3841,-5073,1633
-321,-3236,2826,-3843,-4930,1579
-343,-3249,2774,-3844,-4817,1576
-349,-3217,2752,-3847,-4722,1560
-313,-3164,2744,-3849,-4661,1516
-255,-3103,2736,-3850,-4636,1497
-255,-3094,2747,-3846,-4644,1542
-243,-3093,2750,-3845,-4653,1570
-239,-3105,2757,-3846,-4635,1591
-188,-3086,2744,-3848,-4572,1675
-230,-3167,2822,-3844,-4505,1833
-295,-3246,2974,-3846,-4447,1882
-233,-3236,3029,-3848,-4377,1831
-181,-3268,3037,-3841,-4290,1903
-250,-3399,3106,-3842,-4214,2037
-260,-3406,3122,-3841,-4111,2055
-217,-3390,3076,-3840,-4002,2095
-261,-3454,3066,-3841,-3929,2230
-353,-3505,3155,-3843,-3880,2284
-282,-3364,3197,-3847,-3818,2228
-254,-3368,3239,-3844,-3799,2244
-299,-3384,3337,-3842,-3812,2311
-381,-3464,3472,-3842,-3855,2233
-347,-3449,3513,-3839,-3884,2017
-310,-3469,3451,-3838,-3878,1880
-272,-3449,3321,-3836,-3823,1882
-340,-3543,3291,-3838,-3778,1948
-523,-3707,3361,-3832,-3767,1822
-497,-3643,3296,-3838,-3727,1471
-338,-3538,3119,-3837,-3648,1301
-362,-3637,3093,-3832,-3556,1408
-466,-3750,3156,-3830,-3397,1369
-434,-3732,3184,-3836,-2994,1072
-398,-3763,3141,-3835,-2464,768
-381,-3728,3105,-3837,-2027,611
-369,-3637,3070,-3840,-1733,458
-372,-3533,2947,-3837,-1532,298
-328,-3409,2812,-3839,-1384,240
-343,-3408,2782,-3835,-1259,248
-351,-3421,2763,-3841,-1126,241
-351,-3484,2787,-3845,-961,239
-323,-3497,2803,-3847,-752,262
-312,-3489,2781,-3846,-541,303
-294,-3436,2780,-3845,-341,382
-405,-3522,2849,-3844,-195,413
-438,-3505,2820,-3850,-82,287
-392,-3476,2790,-3847,29,189
-372,-3491,2771,-3841,134,139
-351,-3466,2774,-3844,244,118
-341,-3456,2786,-3846,346,124
-319,-3435,2814,-3847,445,148
-324,-3430,2842,-3849,552,180
-344,-3440,2858,-3850,666,205
-372,-3468,2866,-3847,777,192
-379,-3471,2867,-3839,897,162
-386,-3486,2867,-3847,1013,157
-406,-3506,2868,-3844,1124,158
-424,-3515,2893,-3842,1230,152
-433,-3502,2906,-3840,1324,153
-444,-3465,2937,-3841,1406,176
-426,-3397,2938,-3844,1469,212
-451,-3381,2996,-3844,1484,276
-512,-3392,3041,-3844,1434,242
-486,-3335,3016,-3843,1371,181
-467,-3299,2930,-3844,1307,278
-473,-3291,2913,-3842,1257,502
-482,-3293,2942,-3844,1216,629
-451,-3306,2929,-3840,1156,672
-457,-3353,2966,-3842,1118,835
-467,-3390,3032,-3839,1153,966
-472,-3436,3112,-3842,1220,1012
-449,-3445,3092,-3835,1289,1010
-462,-3467,3099,-3832,1370,1095
-512,-3510,3138,-3837,1460,1095
-531,-3518,3162,-3842,1562,1017
-523,-3517,3137,-3837,1666,938
-523,-3529,3111,-3839,1779,904
-521,-3549,3094,-3836,1914,813
-530,-3562,3053,-3839,2064,735
-534,-3555,3013,-3839,2230,700
-513,-3522,2986,-3837,2411,635
-487,-3471,2960,-3835,2583,582
-472,-3420,2949,-3833,2737,569
-445,-3383,2948,-3830,2880,566
-414,-3352,2962,-3831,3018,580
-399,-3318,2987,-3833,3139,609
-393,-3272,2996,-3840,3227,623
-390,-3216,2976,-3839,3269,642
-391,-3176,2946,-3841,3287,658
-391,-3161,2908,-3840,3323,678
-390,-3166,2886,-3841,3406,690
-388,-3175,2861,-3840,3544,691
-389,-3189,2853,-3840,3726,693
-396,-3213,2882,-3841,3934,687
-392,-3235,2914,-3841,4158,648
-399,-3255,2944,-3841,4396,592
-421,-3270,2975,-3837,4651,530
-433,-3276,2986,-3837,4909,469
-436,-3281,2999,-3842,5158,424
-438,-3274,3014,-3839,5396,394
-443,-3259,3032,-3840,5612,370
-447,-3240,3056,-3842,5791,369
-451,-3232,3071,-3840,5967,385
-455,-3239,3098,-3842,6136,405
-459,-3259,3114,-3840,6319,432
-461,-3287,3128,-3842,6535,451
-467,-3308,3141,-3838,6774,485
-478,-3323,3158,-3835,7025,529
-502,-3350,3188,-3835,7299,574
-536,-3370,3214,-3837,7592,626
-560,-3367,3256,-3835,7897,597
-576,-3361,3247,-3837,8196,492
-566,-3347,3225,-3839,8490,451
-597,-3356,3234,-3839,8757,408
-614,-3329,3201,-3838,9033,257
-625,-3322,3173,-3846,9319,126
-643,-3311,3150,-3842,9588,48
-680,-3295,3132,-3847,9871,-76
-672,-3255,3095,-3847,10193,-211
-669,-3238,3097,-3848,10507,-312
-552,-3089,2976,-3842,10844,-423
-541,-3016,3010,-3842,11158,-372
-645,-2997,3119,-3843,11326,-390
-509,-2736,3034,-3839,11430,-537
-414,-2589,3018,-3838,11466,-485
-465,-2503,3060,-3835,11424,-304
-491,-2403,3076,-3835,11336,-308
-444,-2305,3046,-3838,11244,-332
-440,-2300,3034,-3831,11120,-257
-446,-2305,3038,-3833,11051,-190
-470,-2364,3077,-3837,11067,-213
-473,-2398,3084,-3838,11151,-312
-412,-2407,3059,-3838,11260,-359
-459,-2488,3140,-3840,11440,-364
-501,-2523,3158,-3838,11617,-475
-446,-2507,3188,-3839,11826,-703
-450,-2496,3055,-3839,11910,-708
-464,-2481,3122,-3837,11921,-426
-519,-2488,3200,-3836,11992,-452
-527,-2472,3241,-3841,12116,-666
-512,-2448,3162,-3840,12186,-757
-541,-2450,3194,-3838,12289,-756
-577,-2440,3190,-3840,12402,-843
-607,-2441,3217,-3840,12550,-961
-585,-2397,3125,-3837,12716,-1065
-566,-2379,3062,-3839,12910,-1031
-577,-2384,3055,-3834,13115,-953
-578,-2381,3062,-3831,13324,-925
-589,-2362,3067,-3835,13529,-870
-606,-2353,3102,-3839,13733,-771
-638,-2337,3205,-3845,13920,-722
-593,-2282,3246,-3846,14082,-749
-530,-2203,3250,-3845,14241,-721
-593,-2210,3305,-3846,14331,-639
-599,-2168,3276,-3838,14380,-647
-546,-2100,3232,-3838,14456,-615
-601,-2096,3266,-3831,14485,-553
-650,-1960,3739,-3833,14354,-672
-646,-2070,3592,-3836,13510,-1179
-600,-1978,3425,-3837,13488,-1314
-659,-1995,3442,-3835,13727,-1156
-678,-1999,3508,-3833,13979,-1204
-640,-1945,3503,-3831,14261,-1323
-629,-1892,3515,-3835,14468,-1379
-597,-1803,3618,-3836,14669,-1510
-502,-1625,3617,-3838,14880,-1675
-461,-1517,3619,-3839,14998,-1745
-440,-1413,3654,-3834,15106,-1739
-440,-1359,3710,-3836,15189,-1887
-379,-1288,3565,-3837,15252,-2061
-429,-1307,3586,-3841,15210,-1947
-436,-1292,3557,-3837,15352,-2010
-483,-1313,3565,-3835,15545,-2052
-499,-1350,3640,-3835,15763,-2105
-425,-1302,3613,-3831,16089,-2386
-408,-1310,3564,-3836,16270,-2448
-446,-1336,3554,-3847,16265,-2422
-452,-1312,3509,-3850,16321,-2611
-513,-1292,3544,-3847,16416,-2788
-413,-1127,3576,-3842,16673,-3064
-406,-1061,3640,-3845,16925,-3191
-349,-989,3611,-3842,17002,-3407
-304,-931,3604,-3841,17052,-3703
-236,-823,3507,-3842,17109,-3967
-155,-716,3433,-3840,17031,-4081
-145,-768,3424,-3839,16574,-4185
-130,-668,3321,-3838,16149,-4331
-129,-700,3292,-3838,15795,-4296
-4,-577,3050,-3833,15682,-4307
-93,-705,3021,-3833,15461,-3888
-112,-705,2782,-3838,15468,-3752
-155,-659,2640,-3838,15966,-3346
-7,-468,2705,-3838,16587,-2744
-19,-466,2770,-3838,16628,-1729
-1,-427,3031,-3844,16498,-1008
97,-359,3132,-3842,15877,-741
68,-382,3264,-3839,14893,-251
-109,-513,3220,-3837,14004,350
-222,-553,3367,-3840,13864,690
-259,-545,3571,-3843,13948,791
-269,-555,3593,-3842,14035,769
-307,-581,3579,-3842,14332,768
-286,-560,3517,-3840,14769,699
-250,-498,3529,-3841,15260,581
-179,-365,3507,-3840,15663,516
-196,-325,3523,-3840,15764,578
-212,-247,3544,-3842,15829,592
-261,-191,3625,-3841,15834,674
-323,-190,3653,-3846,15773,741
-405,-184,3722,-3839,15823,827
-460,-143,3898,-3843,15957,868
-498,-113,4069,-3837,16023,842
-528,-118,4180,-3834,16046,789
-563,-131,4240,-3832,16108,707
-585,-110,4248,-3833,16281,617
-599,-55,4293,-3843,16506,519
-574,21,4339,-3838,16707,373
-564,96,4338,-3836,16913,231
-545,189,4330,-3838,17177,90
-530,288,4333,-3837,17408,-81
-493,407,4319,-3846,17577,-270
-454,510,4305,-3838,17726,-433
-430,607,4295,-3837,17882,-613
-415,685,4299,-3838,18021,-804
-402,762,4301,-3840,18147,-992
-383,836,4319,-3836,18263,-1181
-362,886,4308,-3840,18383,-1377
-336,939,4290,-3842,18510,-1590
-289,1006,4271,-3847,18629,-1783
-230,1042,4243,-3844,18691,-1967
-203,1088,4191,-3841,18774,-2152
-157,1144,4124,-3844,18842,-2327
-105,1153,4047,-3845,18867,-2483
-81,1151,3956,-3837,18907,-2613
-54,1149,3859,-3836,18969,-2738
-31,1155,3744,-3835,19018,-2831
-14,1133,3640,-3836,19074,-2903
10,1137,3513,-3842,19160,-2974
28,1115,3371,-3840,19201,-3000
40,1058,3226,-3836,19256,-3030
47,1040,3119,-3842,19370,-3052
71,1080,3018,-3843,19537,-3057
117,1095,2944,-3849,19663,-3030
139,1122,2875,-3844,19781,-2969
144,1168,2835,-3846,19918,-2888
147,1212,2826,-3841,20024,-2818
110,1249,2811,-3844,20080,-2728
89,1300,2784,-3848,20191,-2654
124,1378,2773,-3847,20249,-2636
103,1452,2759,-3848,20201,-2572
91,1510,2745,-3845,20147,-2478
48,1599,2779,-3841,20118,-2365
39,1657,2834,-3843,20051,-2280
51,1728,2914,-3843,19940,-2137
75,1800,2857,-3845,19683,-1938
43,2000,2505,-3844,19283,-1719
140,2068,2284,-3842,18691,-1295
-57,2274,2178,-3840,18064,-861
98,1960,2879,-3835,17486,-847
136,1965,3795,-3833,17604,-562
54,2028,3463,-3836,17661,-462
-41,2103,3181,-3836,17433,-326
-45,2326,2963,-3836,17174,-187
33,2367,2847,-3835,16653,-42
56,2453,2663,-3840,16054,216
106,2445,2853,-3843,15478,654
21,2450,3523,-3844,15176,876
39,2476,3397,-3842,14999,756
16,2562,3172,-3835,14723,761
34,2707,3105,-3833,14507,828
54,2828,3114,-3833,14278,884
96,2908,3027,-3836,13977,903
104,3051,2856,-3836,13605,980
94,3085,2929,-3835,13236,1087
104,3147,2869,-3835,13026,1090
156,3161,2711,-3832,12875,1183
33,3143,2949,-3834,12834,1345
-34,2993,3189,-3837,13050,1203
-51,2825,3354,-3840,13464,1033
-139,2763,3210,-3837,13934,826
-186,2848,2580,-3840,14302,575
-277,2939,1950,-3844,14333,326
-204,2842,2274,-3841,14246,50
-188,2753,2818,-3840,14592,-156
-86,2606,2820,-3837,15068,-271
-153,2461,3046,-3839,15479,-217
-164,2507,3074,-3844,16083,-272
-207,2573,2828,-3838,16543,-414
-231,2654,2608,-3834,16798,-543
-241,2717,2297,-3831,16837,-609
-379,2817,1917,-3834,16724,-626
-451,2844,1489,-3834,16448,-895
-285,2757,1566,-3835,16114,-968
-258,2856,1712,-3840,15990,-887
-259,2874,1607,-3845,15873,-654
-250,3011,1663,-3840,15824,-551
-450,3164,1916,-3843,15662,-489
-149,2696,3304,-3839,16086,-877
85,2878,3152,-3838,16715,-777
9,3286,2135,-3842,16648,-508
49,3721,1091,-3842,15726,-551
365,3302,2756,-3839,14875,-254
632,3086,3168,-3840,14714,143
431,3014,2598,-3843,14089,844
253,3187,2327,-3839,13296,1256
188,3249,2208,-3840,12440,1382
134,3209,2090,-3841,11546,1399
30,3164,1962,-3839,10694,1458
-97,3117,1900,-3840,9936,1585
-205,3085,1891,-3838,9320,1675
-281,3107,1936,-3838,8852,1684
-324,3178,1990,-3852,8522,1643
-331,3282,2064,-3845,8310,1616
-330,3400,2140,-3838,8201,1614
-323,3525,2209,-3837,8137,1625
-313,3639,2277,-3832,8076,1658
-315,3752,2336,-3839,8002,1696
-336,3860,2393,-3835,7898,1719
-360,3955,2433,-3832,7740,1730
-382,4022,2446,-3833,7517,1739
-406,4076,2438,-3833,7272,1745
-395,4139,2412,-3835,7017,1779
-387,4210,2391,-3831,6744,1843
-386,4264,2377,-3837,6406,1904
-363,4293,2357,-3835,5998,1943
-349,4319,2329,-3832,5529,1974
-373,4322,2333,-3836,4999,1993
-430,4336,2392,-3829,4466,1981
-503,4332,2479,-3831,3954,1905
-583,4318,2556,-3832,3520,1771
-656,4300,2596,-3836,3182,1620
-741,4278,2612,-3832,2944,1479
-802,4255,2641,-3832,2782,1320
-845,4216,2620,-3831,2670,1149
-886,4153,2553,-3834,2660,1016
-917,4118,2472,-3838,2749,913
-928,4081,2397,-3835,2878,825
-928,4053,2314,-3836,3017,735
-909,4025,2248,-3830,3135,645
-889,3993,2189,-3826,3217,553
-877,3950,2112,-3827,3266,490
-863,3915,2028,-3829,3288,427
-854,3910,1960,-3837,3301,392
-838,3899,1932,-3833,3309,349
-828,3887,1894,-3833,3289,283
-830,3896,1864,-3836,3261,239
-824,3918,1842,-3835,3219,193
-811,3936,1815,-3837,3182,161
-800,3966,1801,-3828,3138,152
-788,3984,1781,-3829,3068,157
-772,4007,1751,-3824,3034,181
-765,4041,1723,-3824,3010,235
-745,4040,1697,-3829,2934,259
-730,4057,1672,-3834,2871,285
-724,4104,1672,-3837,2813,346
-722,4144,1673,-3836,2709,400
-749,4173,1678,-3836,2569,480
-784,4217,1731,-3833,2375,497
-794,4263,1738,-3836,2146,461
-808,4281,1763,-3832,1912,413
-844,4290,1784,-3837,1702,315
-858,4314,1789,-3836,1548,173
-861,4333,1800,-3839,1431,5
-861,4339,1798,-3839,1358,-197
-861,4348,1796,-3835,1332,-418
-857,4355,1779,-3832,1307,-635
-842,4355,1771,-3827,1257,-836
-801,4369,1738,-3830,1189,-1019
-752,4385,1721,-3837,1084,-1145
-685,4384,1685,-3830,945,-1259
-619,4379,1618,-3829,812,-1336
-570,4356,1556,-3833,688,-1361
-523,4344,1508,-3837,598,-1351
-482,4319,1490,-3833,529,-1306
-444,4306,1466,-3831,486,-1221
-420,4284,1464,-3839,439,-1118
-396,4241,1440,-3838,409,-1004
-380,4222,1435,-3837,418,-853
-391,4184,1430,-3830,430,-701
-404,4154,1446,-3830,448,-548
-402,4130,1453,-3832,480,-428
-403,4110,1444,-3833,524,-310
-418,4122,1492,-3829,577,-175
-426,4122,1502,-3829,591,-96
-435,4105,1533,-3833,576,-26
-427,4101,1546,-3839,515,-3
-419,4104,1545,-3834,409,16
-415,4097,1548,-3834,261,31
-414,4071,1547,-3840,90,57
-414,4060,1561,-3835,-99,89
-408,4069,1578,-3830,-308,100
-389,4088,1576,-3826,-529,98
-367,4093,1580,-3825,-754,109
-343,4102,1592,-3831,-975,151
-326,4116,1607,-3830,-1191,193
-306,4139,1621,-3828,-1404,233
-286,4152,1637,-3833,-1617,267
-266,4164,1666,-3833,-1841,289
-238,4173,1699,-3825,-2077,323
-211,4183,1703,-3827,-2327,370
-182,4181,1716,-3831,-2603,444
-163,4180,1735,-3834,-2899,536
-154,4175,1749,-3841,-3213,627
-146,4172,1741,-3844,-3551,717
-139,4156,1745,-3844,-3911,811
-136,4140,1760,-3842,-4285,895
-132,4116,1752,-3838,-4655,960
-132,4092,1739,-3835,-5017,1020
-122,4072,1737,-3841,-5357,1084
-119,4040,1725,-3837,-5677,1138
-112,4025,1742,-3834,-5977,1187
-106,4015,1746,-3830,-6265,1226
-107,4000,1754,-3831,-6535,1262
-98,3989,1766,-3831,-6784,1304
-97,3996,1774,-3831,-7016,1353
-100,3995,1797,-3830,-7245,1404
-109,3987,1816,-3831,-7473,1458
-117,3986,1819,-3830,-7702,1510
-122,3978,1819,-3828,-7937,1563
-131,3961,1826,-3834,-8182,1630
-146,3940,1833,-3837,-8439,1706
-146,3920,1853,-3840,-8706,1791
-144,3892,1868,-3837,-8980,1883
-139,3873,1871,-3836,-9263,1974
-152,3854,1882,-3830,-9546,2064
-173,3819,1907,-3834,-9823,2135
-192,3794,1931,-3834,-10093,2189
-211,3770,1960,-3836,-10360,2239
-234,3737,1991,-3837,-10629,2277
-271,3700,2025,-3843,-10893,2304
-302,3660,2057,-3842,-11160,2325
-327,3615,2085,-3838,-11426,2331
-358,3559,2103,-3838,-11680,2328
-376,3509,2129,-3837,-11923,2308
-396,3449,2143,-3836,-12153,2277
-402,3385,2132,-3834,-12356,2247
-401,3326,2116,-3837,-12525,2222
-385,3268,2087,-3841,-12672,2208
-351,3216,2079,-3840,-12810,2215
-304,3178,2056,-3841,-12951,2256
-249,3141,2030,-3843,-13107,2332
-203,3104,1987,-3841,-13299,2426
-170,3067,1960,-3840,-13543,2524
-143,3024,1934,-3838,-13842,2609
-125,2994,1909,-3839,-14187,2671
-114,2956,1884,-3835,-14581,2723
-121,2904,1857,-3834,-15008,2776
-141,2857,1861,-3836,-15423,2805
-182,2807,1888,-3835,-15804,2811
-216,2749,1909,-3838,-16145,2791
-256,2692,1957,-3838,-16424,2772
-293,2659,1996,-3834,-16624,2730
-311,2644,2050,-3836,-16775,2686
-317,2609,2084,-3834,-16904,2661
-340,2603,2110,-3835,-17001,2645
-366,2578,2170,-3832,-17070,2620
-397,2542,2241,-3835,-17117,2608
-433,2529,2341,-3841,-17144,2604
-472,2531,2458,-3839,-17129,2590
-513,2546,2589,-3841,-17087,2566
-555,2577,2698,-3838,-17022,2509
-592,2622,2789,-3834,-16938,2455
-617,2664,2864,-3839,-16864,2406
-647,2707,2930,-3835,-16775,2366
-672,2743,2980,-3829,-16695,2326
-700,2765,3014,-3827,-16631,2283
-718,2786,3031,-3832,-16570,2276
-746,2815,3056,-3834,-16528,2298
-753,2810,3070,-3839,-16512,2308
-770,2794,3088,-3840,-16502,2328
-786,2762,3101,-3843,-16530,2356
-814,2722,3129,-3841,-16633,2421
-855,2665,3146,-3844,-16771,2485
-921,2573,3204,-3841,-16941,2502
-997,2472,3263,-3835,-17162,2478
-1059,2370,3337,-3837,-17402,2442
-1109,2269,3436,-3837,-17654,2387
-1138,2166,3500,-3838,-17890,2320
-1132,2068,3518,-3841,-18074,2235
-1128,1975,3567,-3836,-18187,2165
-1134,1860,3616,-3834,-18273,2026
-1089,1796,3574,-3838,-18257,1855
-1040,1754,3557,-3839,-18138,1739
-1042,1678,3549,-3839,-17978,1647
-1075,1613,3568,-3840,-17750,1604
-1120,1518,3618,-3836,-17517,1473
-1098,1451,3588,-3830,-17288,1288
-1042,1405,3484,-3833,-17056,1153
-1015,1338,3383,-3829,-16819,1153
-981,1259,3252,-3830,-16539,1299
-1062,1119,3297,-3830,-16262,1468
-1108,1024,3324,-3835,-15982,1535
-1105,958,3350,-3836,-15727,1475
-1065,909,3317,-3835,-15457,1426
-1046,807,3268,-3837,-15157,1409
-1028,727,3179,-3840,-14832,1484
-1014,663,3093,-3840,-14456,1624
-1061,622,3027,-3836,-14021,1812
-1060,542,3004,-3830,-13555,1964
-1061,526,2996,-3831,-13117,2101
-1031,558,2996,-3836,-12733,2216
-1005,623,3007,-3831,-12426,2359
-973,632,2996,-3831,-12219,2481
-923,631,2962,-3834,-12034,2582
-889,641,2946,-3830,-11887,2680
-866,655,2952,-3832,-11800,2790
-865,687,2998,-3831,-11770,2904
-867,747,3081,-3839,-11809,2997
-878,822,3167,-3835,-11921,3066
-884,913,3253,-3839,-12072,3128
-876,1019,3344,-3835,-12245,3186
-865,1119,3471,-3837,-12422,3225
-865,1232,3605,-3837,-12578,3252
-832,1238,3793,-3837,-12751,3233
-883,1367,3913,-3833,-12936,3228
-839,1368,4032,-3842,-13044,3198
-846,1348,4157,-3840,-13168,3181
-851,1332,4260,-3841,-13243,3161
-837,1314,4393,-3842,-13293,3119
-820,1244,4519,-3839,-13366,3040
-817,1203,4587,-3842,-13422,2913
-807,1176,4642,-3836,-13466,2779
-805,1143,4660,-3832,-13523,2646
-821,1092,4643,-3830,-13570,2492
-821,1021,4591,-3828,-13604,2332
-819,920,4490,-3829,-13646,2178
-835,817,4401,-3836,-13665,2091
-878,662,4365,-3834,-13679,2018
-868,578,4282,-3836,-13672,1916
-892,508,4247,-3833,-13647,1814
-919,419,4149,-3834,-13623,1648
-948,390,4048,-3834,-13549,1496
-1003,337,3941,-3834,-13460,1335
-1045,286,3860,-3836,-13366,1178
-1043,250,3776,-3830,-13258,1049
-1017,219,3713,-3836,-13142,972
-1015,170,3710,-3832,-13031,933
-1023,104,3721,-3831,-12911,891
-1014,61,3744,-3832,-12770,841
-1000,15,3760,-3833,-12614,803
-1007,-30,3786,-3833,-12436,809
-1026,-94,3819,-3832,-12240,836
-1047,-164,3849,-3829,-12026,849
-1074,-229,3873,-3827,-11806,845
-1100,-301,3895,-3833,-11588,846
-1116,-374,3890,-3834,-11372,857
-1133,-458,3893,-3836,-11152,888
-1155,-525,3887,-3835,-10928,943
-1150,-574,3850,-3836,-10700,1041
-1135,-586,3796,-3837,-10475,1205
-1183,-654,3829,-3831,-10271,1372
-1263,-765,3872,-3829,-10111,1416
-1239,-743,3818,-3835,-9940,1400
-1201,-717,3765,-3834,-9791,1433
-1188,-716,3716,-3834,-9644,1552
-1238,-705,3734,-3829,-9489,1675
-1257,-679,3709,-3828,-9349,1685
-1226,-574,3663,-3827,-9230,1667
-1227,-501,3671,-3829,-9182,1674
-1212,-426,3631,-3834,-9174,1694
-1176,-322,3635,-3831,-9184,1714
-1156,-249,3677,-3827,-9227,1730
-1180,-202,3759,-3829,-9274,1753
-1205,-171,3844,-3822,-9319,1723
-1258,-237,3874,-3830,-9367,1651
-1280,-242,3877,-3823,-9164,1407
-1269,-219,3957,-3829,-8756,1100
-1261,-293,4098,-3826,-8477,718
-1249,-372,4167,-3825,-8377,195
-1214,-439,4169,-3831,-8439,-304
-1181,-522,4080,-3830,-8583,-649
-1170,-584,3971,-3828,-8669,-805
-1165,-639,3897,-3830,-8637,-804
-1158,-670,3879,-3832,-8462,-692
-1154,-733,3896,-3835,-8240,-555
-1151,-812,3939,-3832,-8058,-429
-1145,-880,3973,-3836,-7883,-339
-1139,-931,3964,-3835,-7680,-259
-1125,-988,3946,-3830,-7484,-159
-1123,-1040,3914,-3827,-7332,-45
-1131,-1093,3866,-3825,-7195,29
-1141,-1134,3834,-3823,-7056,81
-1135,-1167,3812,-3829,-6904,108
-1133,-1188,3800,-3829,-6717,110
-1123,-1209,3802,-3827,-6518,111
-1114,-1241,3809,-3830,-6319,106
-1093,-1243,3785,-3831,-6103,74
-1089,-1255,3755,-3828,-5896,68
-1094,-1256,3708,-3824,-5703,62
-1094,-1271,3666,-3829,-5543,43
-1087,-1288,3674,-3824,-5351,18
-1091,-1332,3647,-3828,-5155,-3
-1122,-1358,3624,-3834,-4964,-6
-1149,-1386,3637,-3838,-4765,-33
-1184,-1413,3650,-3836,-4543,-97
-1200,-1451,3648,-3834,-4343,-177
-1213,-1471,3647,-3830,-4156,-232
-1206,-1489,3619,-3831,-3972,-280
-1195,-1499,3617,-3830,-3806,-289
-1186,-1519,3618,-3829,-3656,-291
-1174,-1529,3632,-3828,-3484,-318
-1143,-1527,3626,-3826,-3277,-338
-1102,-1528,3615,-3825,-3077,-300
-1094,-1552,3628,-3831,-2928,-225
-1106,-1573,3656,-3832,-2785,-177
-1097,-1596,3656,-3829,-2625,-154
-1097,-1593,3669,-3825,-2413,-102
-1096,-1612,3662,-3825,-2214,-16
-1118,-1665,3678,-3823,-2074,70
-1135,-1694,3717,-3829,-1902,90
-1128,-1691,3701,-3828,-1687,91
-1125,-1710,3648,-3830,-1509,153
-1147,-1727,3626,-3834,-1367,266
-1156,-1755,3620,-3832,-1239,335
-1160,-1737,3626,-3832,-1072,377
-1135,-1727,3633,-3833,-899,396
-1120,-1720,3670,-3829,-722,447
-1098,-1687,3672,-3838,-529,489
-1083,-1653,3676,-3838,-360,567
-1074,-1643,3685,-3836,-213,632
-1062,-1590,3673,-3832,-15,714
-1034,-1536,3678,-3834,156,809
-1018,-1477,3691,-3832,292,928
-1012,-1421,3703,-3824,395,1052
-1014,-1373,3713,-3829,485,1180
-1011,-1327,3729,-3834,585,1300
-997,-1282,3749,-3839,683,1415
-994,-1250,3724,-3836,766,1509
-991,-1228,3712,-3839,812,1668
-981,-1203,3722,-3829,853,1828
-961,-1193,3724,-3829,890,1946
-948,-1168,3722,-3832,929,2066
-938,-1146,3732,-3830,949,2204
-919,-1115,3750,-3827,955,2331
-895,-1077,3768,-3825,954,2443
-866,-1046,3798,-3830,949,2544
-822,-1020,3808,-3836,941,2651
-777,-1016,3839,-3831,941,2759
-743,-1015,3869,-3832,951,2858
-702,-1010,3894,-3832,968,2954
-665,-994,3901,-3831,985,3054
-631,-977,3889,-3827,1003,3149
-602,-952,3862,-3829,1022,3245
-574,-926,3839,-3837,1031,3349
-544,-896,3828,-3837,1021,3456
-512,-868,3812,-3832,996,3572
-475,-847,3793,-3831,956,3693
-456,-832,3760,-3831,902,3827
-446,-816,3740,-3826,841,3965
-438,-800,3716,-3829,783,4106
-431,-794,3699,-3830,727,4245
-426,-785,3731,-3829,688,4378
-425,-778,3826,-3835,708,4466
-417,-768,3926,-3833,823,4428
-402,-766,3991,-3836,991,4370
-396,-768,4001,-3832,1167,4361
-382,-775,3958,-3832,1291,4428
-393,-766,3866,-3828,1370,4580
-414,-758,3778,-3833,1388,4810
-450,-746,3689,-3834,1379,5085
-500,-740,3620,-3838,1363,5413
-549,-733,3588,-3832,1366,5758
-602,-753,3594,-3828,1389,6045
-645,-756,3588,-3832,1428,6268
-681,-767,3578,-3834,1470,6507
-713,-785,3575,-3830,1492,6742
-741,-807,3565,-3836,1506,6955
-775,-814,3566,-3833,1532,7160
-808,-834,3571,-3833,1530,7356
-846,-845,3586,-3828,1525,7545
-861,-850,3612,-3831,1509,7710
-891,-863,3641,-3836,1480,7843
-931,-861,3691,-3835,1469,7918
-962,-854,3753,-3835,1462,7947
-993,-855,3813,-3827,1449,7926
-1020,-836,3851,-3823,1469,7828
-1044,-815,3870,-3827,1491,7704
-1058,-794,3901,-3830,1512,7566
-1082,-772,3918,-3831,1536,7398
-1096,-753,3921,-3829,1556,7217
-1108,-741,3914,-3833,1585,7040
-1116,-724,3881,-3833,1626,6893
-1129,-704,3834,-3832,1682,6783
-1140,-685,3774,-3825,1742,6717
-1141,-664,3707,-3824,1793,6694
-1131,-643,3649,-3830,1829,6705
-1122,-612,3592,-3832,1853,6759
-1103,-589,3530,-3830,1877,6861
-1091,-569,3454,-3829,1905,7014
-1081,-568,3360,-3830,1936,7212
-1089,-577,3279,-3830,1974,7442
-1089,-590,3185,-3823,2013,7685
-1094,-607,3085,-3820,2061,7945
-1100,-620,2994,-3823,2115,8227
-1106,-629,2887,-3829,2170,8513
-1114,-648,2772,-3829,2228,8804
-1131,-674,2665,-3828,2280,9097
-1152,-701,2550,-3828,2331,9383
-1172,-727,2426,-3832,2383,9666
-1202,-760,2316,-3833,2436,9944
-1241,-797,2204,-3831,2496,10208
-1277,-816,2110,-3832,2564,10467
-1312,-835,2017,-3831,2644,10717
-1351,-861,1937,-3827,2736,10960
-1384,-896,1879,-3822,2835,11182
-1439,-903,1833,-3826,2929,11399
-1491,-887,1801,-3826,3027,11601
-1537,-889,1798,-3827,3115,11794
-1592,-882,1805,-3832,3187,11972
-1649,-840,1829,-3830,3249,12153
-1700,-798,1877,-3827,3303,12336
-1769,-745,1932,-3829,3355,12524
-1832,-704,2008,-3834,3400,12701
-1896,-655,2101,-3831,3422,12851
-1959,-586,2195,-3827,3401,12984
-2021,-515,2294,-3828,3350,13114
-2075,-454,2390,-3833,3278,13251
-2118,-360,2497,-3829,3207,13389
-2160,-231,2628,-3827,3122,13520
-2191,-137,2752,-3832,3004,13622
-2237,-24,2882,-3829,2854,13708
-2277,88,3005,-3830,2681,13774
-2314,182,3132,-3834,2477,13825
-2364,261,3256,-3828,2268,13859
-2430,370,3367,-3825,2080,13877
-2471,400,3464,-3832,1898,13851
-2532,425,3536,-3832,1712,13790
-2596,493,3608,-3835,1527,13708
-2650,507,3664,-3836,1322,13608
-2716,486,3699,-3832,1101,13492
-2771,478,3725,-3835,887,13353
-2807,478,3740,-3834,689,13197
-2839,453,3741,-3833,519,13042
-2862,427,3746,-3824,370,12900
-2861,357,3757,-3833,221,12736
-2891,315,3735,-3829,54,12568
-2916,283,3669,-3821,-135,12396
-2931,223,3559,-3828,-341,12230
-2964,180,3423,-3829,-524,12091
-2984,104,3287,-3830,-678,11955
-3027,24,3155,-3829,-821,11828
-3068,-44,3016,-3835,-950,11699
-3097,-127,2876,-3837,-1069,11576
-3133,-187,2738,-3833,-1166,11473
-3163,-254,2610,-3830,-1231,11376
-3185,-331,2487,-3819,-1276,11288
-3210,-400,2359,-3819,-1302,11207
-3233,-452,2233,-3825,-1311,11135
-3249,-502,2113,-3827,-1315,11075
-3261,-538,2012,-3829,-1300,11037
-3272,-572,1939,-3830,-1260,11021
-3276,-602,1863,-3831,-1211,11022
-3284,-623,1800,-3831,-1159,11038
-3293,-638,1768,-3825,-1108,11062
-3299,-655,1743,-3821,-1061,11091
-3321,-667,1737,-3824,-1026,11123
-3343,-679,1740,-3826,-1001,11160
-3374,-682,1735,-3828,-992,11202
-3411,-674,1740,-3831,-991,11244
-3442,-664,1755,-3828,-999,11271
-3462,-659,1770,-3834,-1011,11292
-3479,-642,1792,-3833,-1027,11302
-3495,-619,1817,-3836,-1037,11305
-3506,-587,1846,-3834,-1046,11300
-3530,-559,1869,-3831,-1056,11288
-3549,-527,1905,-3829,-1070,11262
-3566,-488,1928,-3831,-1094,11228
-3605,-445,1977,-3824,-1132,11187
-3656,-411,2028,-3825,-1185,11137
-3718,-388,2089,-3828,-1262,11074
-3777,-363,2151,-3832,-1352,11008
-3845,-342,2220,-3833,-1459,10930
-3911,-318,2295,-3832,-1579,10845
-3977,-305,2378,-3832,-1704,10750
-4045,-300,2456,-3835,-1831,10648
-4102,-294,2534,-3832,-1954,10537
-4166,-296,2605,-3831,-2067,10410
-4225,-303,2669,-3832,-2166,10264
-4275,-315,2736,-3827,-2257,10110
-4323,-327,2808,-3828,-2337,9945
-4370,-354,2850,-3823,-2394,9762
-4411,-394,2878,-3828,-2432,9577
-4453,-431,2913,-3833,-2456,9395
-4502,-478,2924,-3833,-2458,9193
-4540,-531,2912,-3830,-2437,8974
-4569,-585,2874,-3829,-2409,8758
-4595,-632,2842,-3832,-2370,8554
-4606,-670,2789,-3828,-2321,8342
-4611,-702,2728,-3824,-2265,8125
-4613,-726,2670,-3822,-2204,7926
-4609,-749,2608,-3823,-2137,7744
-4596,-765,2541,-3824,-2059,7568
-4587,-788,2475,-3828,-1960,7399
-4574,-811,2422,-3830,-1845,7234
-4575,-840,2376,-3824,-1708,7054
-4550,-871,2300,-3828,-1555,6818
-4507,-888,2175,-3833,-1408,6609
-4503,-902,2088,-3829,-1276,6491
-4500,-911,2010,-3830,-1155,6396
-4463,-918,1896,-3830,-1060,6381
-4512,-922,1903,-3831,-980,6411
-4537,-944,1903,-3829,-881,6384
-4550,-958,1891,-3819,-780,6290
-4548,-948,1851,-3818,-683,6201
-4567,-942,1862,-3818,-576,6112
-4524,-930,1822,-3819,-466,6026
-4519,-917,1780,-3819,-375,6032
-4564,-908,1830,-3823,-275,6025
-4568,-902,1846,-3830,-161,5866
-4509,-872,1785,-3829,-71,5742
-4515,-837,1816,-3828,0,5714
-4518,-827,1859,-3828,77,5627
-4510,-807,1881,-3827,141,5496
-4483,-750,1880,-3825,186,5408
-4473,-695,1921,-3825,208,5314
-4451,-669,1940,-3825,208,5156
-4423,-625,1938,-3827,191,4993
-4422,-564,1951,-3824,162,4868
-4403,-514,1975,-3821,128,4711
-4364,-495,1979,-3824,89,4516
-4345,-462,1977,-3828,48,4330
-4326,-421,1984,-3829,-5,4153
-4291,-404,1974,-3825,-63,3980
-4257,-378,1960,-3828,-118,3812
-4253,-350,1945,-3827,-170,3650
-4218,-347,1910,-3824,-218,3474
-4162,-318,1861,-3827,-280,3333
-4113,-283,1824,-3825,-342,3197
-4066,-267,1782,-3832,-398,3074
-4034,-257,1745,-3830,-450,2991
-3986,-236,1708,-3835,-498,2930
-3936,-213,1664,-3838,-549,2869
-3895,-208,1623,-3834,-602,2824
-3872,-203,1588,-3832,-655,2795
-3852,-205,1567,-3831,-712,2779
-3826,-217,1549,-3831,-766,2769
-3810,-229,1509,-3829,-810,2776
-3801,-253,1489,-3827,-848,2795
-3794,-287,1466,-3834,-881,2817
-3787,-334,1433,-3828,-906,2840
-3775,-368,1389,-3825,-924,2848
-3770,-399,1340,-3829,-942,2849
-3772,-441,1280,-3829,-956,2834
-3784,-476,1228,-3828,-964,2820
-3794,-498,1186,-3827,-968,2813
-3788,-522,1170,-3829,-963,2805
-3776,-533,1161,-3824,-951,2789
-3766,-538,1136,-3831,-941,2771
-3756,-534,1113,-3823,-934,2757
-3753,-538,1105,-3823,-934,2746
-3753,-548,1089,-3826,-937,2744
-3761,-547,1073,-3830,-942,2747
-3770,-547,1039,-3827,-957,2756
-3767,-552,1021,-3829,-968,2772
-3769,-551,1033,-3824,-980,2786
-3787,-545,1057,-3827,-992,2804
-3820,-558,1105,-3828,-986,2787
-3830,-552,1126,-3828,-979,2783
-3837,-524,1145,-3822,-987,2810
-3866,-511,1185,-3825,-1004,2830
-3884,-516,1223,-3823,-1021,2832
-3920,-520,1271,-3819,-1032,2829
-3953,-516,1304,-3817,-1032,2808
-4018,-514,1343,-3823,-1021,2765
-4058,-551,1381,-3827,-980,2682
-4073,-549,1418,-3818,-931,2635
-4062,-522,1420,-3821,-890,2607
-4131,-523,1470,-3826,-848,2559
-4099,-559,1470,-3830,-785,2474
-4070,-511,1437,-3829,-746,2470
-4088,-474,1428,-3823,-718,2473
-4074,-486,1391,-3827,-684,2459
-4072,-446,1343,-3829,-658,2506
-4096,-431,1327,-3825,-637,2534
-4105,-443,1340,-3825,-601,2538
-4112,-470,1368,-3818,-539,2547
-4089,-476,1373,-3820,-464,2593
-4078,-442,1352,-3819,-398,2675
-4070,-440,1334,-3823,-348,2754
-4039,-446,1323,-3821,-314,2817
-4049,-440,1322,-3823,-288,2912
-4088,-438,1338,-3829,-258,3008
-4114,-460,1368,-3826,-216,3047
-4132,-491,1383,-3822,-152,3036
-4173,-504,1396,-3819,-70,3023
-4191,-529,1408,-3827,30,2988
-4161,-553,1397,-3826,132,2969
-4180,-552,1414,-3830,228,2949
-4199,-549,1409,-3832,314,2867
-4366,-567,1456,-3831,405,2739
-4547,-699,1518,-3835,594,2469
-4528,-730,1442,-3831,817,2293
-4489,-595,1363,-3830,996,2218
-4405,-499,1319,-3831,1114,2134
-4298,-501,1277,-3825,1192,2087
-4279,-483,1256,-3824,1246,2114
-4264,-380,1204,-3822,1305,2070
-4208,-324,1146,-3819,1388,2011
-4167,-311,1145,-3818,1475,2002
-4199,-281,1143,-3822,1513,1983
-4212,-269,1128,-3827,1501,1960
-4252,-243,1109,-3828,1421,1968
-4283,-248,1118,-3828,1300,1949
-4325,-234,1111,-3829,1179,1833
-4294,-230,1066,-3828,1058,1702
-4294,-247,1099,-3825,936,1658
-4316,-287,1177,-3824,852,1565
-4331,-269,1232,-3823,774,1401
-4311,-269,1255,-3832,689,1178
-4266,-296,1278,-3826,607,956
-4205,-310,1278,-3823,531,782
-4150,-285,1248,-3823,463,664
-3964,-228,1145,-3825,377,594
-3733,-75,919,-3829,191,719
-3887,80,839,-3830,-55,843
-3960,-8,791,-3824,-249,816
-3965,-126,769,-3821,-385,891
-3963,-104,812,-3815,-453,1053
-3876,-54,879,-3819,-472,1191
-3828,-26,952,-3826,-466,1362
-3828,-35,1002,-3829,-429,1557
-3821,-32,1043,-3826,-360,1761
-3842,-31,1085,-3829,-298,1944
-3827,-64,1078,-3832,-240,2154
-3834,-76,1098,-3835,-195,2472
-3871,-55,1139,-3829,-192,2801
-3725,-93,1146,-3827,-239,3122
-3455,-184,1202,-3827,-353,3541
-3186,-314,1267,-3831,-497,3918
-3259,-314,1317,-3835,-659,4216
-3334,-163,1293,-3833,-806,4346
-3387,-48,1327,-3834,-1006,4458
-3450,-168,1507,-3829,-1123,4492
-3774,-308,1815,-3827,-1196,4419
-4146,-343,1936,-3827,-1151,3953
-4003,-291,2109,-3833,-1041,3429
-3819,-37,2247,-3835,-980,2924
-3444,337,2246,-3827,-910,2254
-2844,653,1932,-3817,-690,1632
-3367,562,1879,-3820,-502,1489
-4459,44,1814,-3820,-18,654
-5024,-329,1688,-3819,61,225
-5368,-417,1613,-3821,-418,176
-5499,-413,1334,-3823,-1201,59
-5241,-334,1078,-3823,-1972,-166
-4687,-288,1041,-3820,-2441,-579
-4292,-274,951,-3822,-2670,-911
-3860,-297,830,-3824,-2583,-1051
-3550,-282,824,-3828,-2203,-1022
-3376,-300,785,-3828,-1791,-977
-3507,-361,662,-3827,-1454,-849
-3740,-529,480,-3821,-1174,-602
-3924,-638,453,-3822,-996,-346
-4188,-714,278,-3828,-897,-154
-4282,-767,232,-3828,-823,-7
-4228,-658,268,-3832,-669,-1
-4168,-639,238,-3824,-500,12
-4095,-567,245,-3823,-251,164
-4048,-452,172,-3827,19,402
-3994,-329,177,-3824,223,642
-4014,-283,305,-3825,421,727
-4040,-294,494,-3826,565,691
-3976,-242,708,-3827,662,655
-3934,-197,897,-3829,729,686
-3924,-168,1015,-3832,749,757
-3928,-111,1071,-3824,747,809
-3986,-82,1069,-3829,707,811
-4044,-47,1035,-3829,611,791
-4091,-8,1020,-3832,495,719
-4125,27,997,-3830,363,593
-4164,41,937,-3831,217,441
-4148,20,896,-3832,96,260
-4124,-6,899,-3829,64,75
-4081,-42,950,-3827,14,-65
-4036,-58,994,-3829,-19,-155
-4040,-65,1012,-3831,-57,-176
-4024,-78,1017,-3831,-140,-164
-3998,-107,1006,-3833,-176,-132
-3971,-150,1022,-3829,-201,-47
-3915,-171,1027,-3829,-204,80
-3881,-218,1012,-3823,-164,228
-3859,-266,989,-3826,-82,399
-3844,-297,971,-3831,27,576
-3820,-317,978,-3834,155,740
-3814,-322,963,-3828,282,887
-3816,-316,961,-3823,405,1021
-3829,-300,965,-3827,525,1140
-3858,-267,965,-3831,633,1242
-3930,-234,976,-3828,720,1325
-4010,-142,1024,-3826,775,1334
-4060,-48,1055,-3826,763,1294
-4092,16,1046,-3829,691,1299
-4094,47,1050,-3830,587,1315
-4074,48,1044,-3828,482,1259
-4060,33,1018,-3826,380,1168
-4041,17,1009,-3826,295,1081
-4005,-7,1010,-3821,230,969
-3989,-25,997,-3825,177,823
-3990,-54,971,-3825,138,691
-3990,-75,965,-3824,105,577
-3982,-70,962,-3827,66,463
-3986,-68,959,-3835,27,341
-4002,-66,941,-3831,-11,220
-4014,-64,933,-3829,-56,121
-4029,-68,932,-3827,-95,25
-4039,-67,924,-3826,-132,-69
-4029,-62,916,-3832,-168,-141
-4050,-73,895,-3828,-207,-168
-4040,-76,878,-3827,-243,-180
-4029,-89,873,-3826,-271,-205
-4025,-109,863,-3821,-282,-217
-4013,-127,859,-3822,-281,-209
-4001,-143,851,-3821,-260,-188
-3975,-159,880,-3824,-230,-179
-3962,-169,888,-3828,-188,-151
-3972,-185,874,-3835,-149,-81
-3968,-182,882,-3831,-107,-3
-3958,-171,895,-3826,-62,47
-3957,-168,905,-3828,-17,85
-3963,-165,899,-3832,28,147
-3969,-158,919,-3829,69,221
-3971,-142,933,-3827,109,277
-3977,-139,935,-3825,143,330
-3987,-137,936,-3830,171,390
-4000,-136,925,-3831,189,461
-4000,-124,908,-3826,207,525
-3999,-119,896,-3822,225,557
-4001,-123,891,-3825,240,568
-3989,-124,895,-3825,256,572
-3985,-114,903,-3824,278,574
-3992,-103,908,-3827,291,576
-3994,-97,904,-3831,301,582
-3996,-91,912,-3822,299,581
-3996,-82,912,-3827,292,572
-3996,-68,912,-3824,279,550
-4005,-61,914,-3824,264,516
-4005,-59,910,-3825,252,472
-4002,-48,906,-3827,234,430
-4014,-41,915,-3828,218,394
-4013,-37,915,-3826,194,357
-4010,-39,911,-3827,165,321
-4007,-43,909,-3821,137,280
-4016,-43,908,-3824,108,246
-4020,-51,903,-3828,85,211
-4020,-59,902,-3827,71,179
-4016,-68,900,-3829,57,147
-4005,-69,908,-3829,47,121
-3999,-70,905,-3830,40,93
-3990,-68,912,-3829,34,71
-3989,-73,905,-3827,31,59
-3993,-80,910,-3826,27,50
-3991,-80,911,-3820,26,49
-3986,-75,909,-3816,29,55
-3995,-76,909,-3821,34,58
-3993,-73,906,-3830,38,67
-3984,-73,916,-3830,46,84
-3987,-78,924,-3829,55,98
-3982,-75,921,-3826,59,115
-3985,-81,917,-3824,68,138
-3982,-82,915,-3827,75,167
-3977,-80,915,-3828,87,190
-3984,-81,911,-3828,99,210
-3982,-82,917,-3826,113,232
-3991,-90,910,-3829,121,252
-3999,-90,909,-3828,130,273
-3995,-82,901,-3827,144,293
-3984,-70,904,-3830,153,305
-3982,-72,908,-3826,161,315
-3989,-71,912,-3820,166,327
-3989,-61,902,-3822,171,338
-3988,-64,895,-3826,174,345
-3985,-69,885,-3829,173,346
-3984,-67,897,-3830,173,349
-3982,-60,895,-3829,169,340
-3991,-59,894,-3824,167,326
-4000,-54,893,-3825,161,315
-3998,-52,899,-3822,153,308
-4000,-55,901,-3826,146,296
-4012,-46,896,-3830,140,282
-4011,-44,884,-3832,133,270
-3994,-41,905,-3830,127,248
-3992,-31,925,-3834,120,220
-4001,-27,913,-3831,111,213
-3999,-25,919,-3829,97,214
-3992,-21,936,-3830,86,187
-3998,-18,929,-3829,73,154
-3993,-14,928,-3831,59,139
-3976,14,955,-3827,49,125
-3941,47,1006,-3823,35,94
-3947,34,1045,-3822,20,57
-3998,-14,1039,-3819,-1,56
-4027,-35,998,-3823,-41,120
-4011,-17,988,-3823,-88,171
-3971,22,958,-3824,-121,135
-3965,13,910,-3822,-141,101
-3958,-1,939,-3822,-139,87
-4012,-66,941,-3825,-116,64
-4054,-119,873,-3824,-117,134
-4028,-93,845,-3830,-135,203
-4038,-100,781,-3831,-150,248
-4004,-101,759,-3828,-153,239
-3939,-87,800,-3823,-95,165
-3920,-77,834,-3829,-17,100
-3937,-101,869,-3828,61,119
-4006,-140,852,-3827,117,190
-4081,-138,730,-3827,110,371
-4053,-90,727,-3827,71,442
-4044,-76,743,-3827,71,344
-4014,-87,786,-3826,78,202
-3991,-90,845,-3827,143,145
-3982,-79,885,-3830,203,169
-3984,-55,908,-3830,223,233
-3992,-41,909,-3828,199,290
-4008,-27,903,-3826,154,309
-4012,-22,881,-3822,119,299
-4013,-24,859,-3825,108,264
-4007,-26,854,-3829,123,226
-4006,-21,860,-3833,142,194
-4009,-11,874,-3829,149,178
-4008,-4,884,-3822,132,170
-4009,-9,884,-3821,101,174
-4010,-11,887,-3821,75,179
-4007,-15,886,-3822,60,174
-4003,-25,893,-3814,51,165
-3996,-33,885,-3816,52,144
-3989,-36,871,-3818,59,120
-3984,-39,867,-3821,64,106
-3988,-38,864,-3820,69,102
-3989,-33,878,-3825,70,99
-3993,-30,879,-3826,72,105
-3997,-27,876,-3831,68,114
-4001,-23,865,-3829,67,115
-4001,-22,870,-3829,65,111
-4000,-28,861,-3832,66,112
-4000,-21,858,-3831,70,115
-4000,-21,862,-3829,78,123
-3999,-17,871,-3829,82,133
-3993,-14,875,-3822,80,143
-3993,-22,876,-3827,81,153
-3994,-22,883,-3832,80,160
-4000,-27,886,-3833,82,162
-4005,-26,884,-3833,87,169
-4004,-20,877,-3826,97,177
-4007,-15,890,-3825,102,182
-4003,-24,898,-3824,105,185
-4002,-28,885,-3824,107,190
-4001,-25,877,-3831,108,199
-3995,-19,877,-3827,112,206
-3994,-17,883,-3825,110,203
-3998,-10,895,-3825,109,196
-4000,-11,902,-3825,109,200
-4004,-10,887,-3824,108,201
-3999,-4,875,-3824,106,198
-4008,-5,881,-3821,103,189
-4011,-3,879,-3826,99,188
-4008,-3,870,-3820,96,186
-4008,-3,858,-3825,96,180
-4005,1,866,-3822,96,178
-4010,-3,874,-3820,96,174
-4009,-4,867,-3818,93,166
-4011,-6,863,-3814,89,164
-4012,-7,877,-3821,86,160
-4014,-2,875,-3825,83,150
-4011,-5,874,-3827,82,148
-4010,-6,873,-3824,79,144
-4006,2,876,-3819,74,141
-4012,7,878,-3822,75,135
-4009,8,869,-3821,78,131
-4006,-2,873,-3829,75,130
-4003,-12,877,-3824,71,132
-4007,-13,875,-3823,69,134
-4012,-7,868,-3821,68,133
-4008,-7,855,-3822,68,129
-4008,-11,854,-3824,67,133
-4009,-10,866,-3828,67,132
-4001,-17,858,-3825,69,133
-4002,-13,862,-3814,70,134
-4005,-5,854,-3818,69,134
-4001,-3,854,-3825,72,137
-4007,0,861,-3828,77,144
-4017,-2,877,-3831,77,148
-4015,-3,872,-3830,76,150
-4008,-4,862,-3830,79,149
-4005,-4,862,-3831,79,148
-4008,-7,856,-3828,82,153
-4010,-10,860,-3821,83,155
-4012,-5,850,-3829,84,153
-4015,2,846,-3832,84,152
-4012,-3,858,-3829,83,157
-4018,-9,856,-3825,80,154
-4018,-3,856,-3826,82,154
-4014,-5,850,-3828,82,153
-4009,-6,846,-3825,82,153
-4009,5,844,-3826,82,151
-4005,13,839,-3824,82,148
-4007,13,831,-3821,78,148
-4005,16,832,-3822,77,146
-4003,14,832,-3815,77,148
-4000,11,838,-3815,73,147
-4005,14,848,-3820,72,144
-3996,9,847,-3820,71,142
-3998,6,844,-3824,69,140
-4005,3,852,-3825,71,143
-4001,0,857,-3827,70,143
-4000,1,865,-3825,70,138
-4002,9,869,-3822,66,137
-4007,7,869,-3826,67,134
-4007,5,870,-3830,66,130
-4008,8,874,-3829,67,131
-4007,10,863,-3827,65,134
-4010,12,862,-3826,66,130
-4017,16,856,-3829,68,126
-4020,13,859,-3827,70,127
-4014,6,862,-3821,74,129
-4011,6,860,-3818,73,130
-4012,12,848,-3821,70,128
-4008,13,849,-3821,71,124
-4002,9,848,-3819,72,126
-4003,10,856,-3822,71,127
-4004,11,856,-3822,70,128
-4005,4,872,-3822,68,123
-4007,6,863,-3827,68,123
-4009,9,862,-3823,71,129
-4012,10,861,-3822,72,131
-4014,15,852,-3823,74,130
-4006,16,849,-3826,73,130
-4001,14,851,-3836,73,134
-4005,16,858,-3829,72,134
-4005,20,849,-3829,71,136
-4005,26,843,-3828,71,135
-4002,26,835,-3821,70,135
-4003,24,836,-3822,70,135
-4015,16,841,-3822,72,136
-4017,14,848,-3823,70,135
-4013,12,840,-3823,71,137
-4014,13,845,-3823,73,135
-4015,20,846,-3821,72,134
-4017,24,838,-3815,73,130
-4014,28,849,-3818,68,129
-4015,23,860,-3816,66,127
-4013,19,866,-3811,64,125
-4011,17,850,-3813,64,121
-4014,28,836,-3813,66,121
-4007,36,833,-3821,63,122
-4004,31,833,-3825,63,118
-4007,23,841,-3826,66,117
-4004,20,839,-3817,64,117
-4002,14,841,-3820,65,118
-4015,16,840,-3825,63,119
-4023,18,836,-3823,63,116
-4017,22,836,-3828,66,115
-4018,24,844,-3826,64,121
-4015,27,840,-3828,64,117
-4023,25,834,-3828,63,115
-4019,24,829,-3826,62,115
-4009,24,838,-3823,62,115
-4012,26,834,-3824,61,119
-4010,33,841,-3820,60,119
-3999,35,840,-3819,61,120
-4002,33,834,-3822,65,121
-4003,26,837,-3825,66,116
-4004,27,834,-3827,63,114
-4006,26,834,-3824,62,119
-4006,23,824,-3824,60,119
-3999,31,836,-3823,60,119
-4005,29,842,-3822,59,123
-4008,32,845,-3822,62,122
-4002,38,844,-3823,63,118
-4001,35,847,-3832,62,118
-3996,24,846,-3832,65,118
-3999,26,856,-3826,61,121
-4007,25,849,-3826,61,120
-4004,29,844,-3820,63,117
-4003,28,852,-3825,60,112
-4005,34,850,-3827,62,111
-4002,35,845,-3828,61,109
-4004,30,835,-3831,60,107
-4006,23,827,-3832,63,109
-4005,31,827,-3835,62,109
-4008,39,830,-3832,63,111
-4010,34,822,-3831,65,113
-4009,36,825,-3833,65,110
-4004,37,817,-3830,62,110
-4007,35,821,-3836,61,112
-4009,36,822,-3830,61,115
-4016,38,829,-3826,64,114
-4014,40,829,-3828,61,109
-4014,45,817,-3836,62,110
-4013,41,823,-3827,62,111
-4007,33,823,-3821,61,108
-4002,33,818,-3823,61,109
-4004,42,820,-3828,60,109
-4004,44,818,-3827,61,110
-4006,42,821,-3824,63,110
-4013,37,829,-3828,59,104
-4017,33,838,-3833,61,103
-4014,35,829,-3825,61,102
-4012,30,820,-3825,62,99
-4009,32,820,-3827,61,98
-3999,32,820,-3827,65,99
-3990,33,817,-3826,73,105
-3997,38,811,-3822,81,113
-4027,61,819,-3829,83,107
-4045,73,827,-3831,55,94
-4033,57,825,-3829,31,83
-4014,46,830,-3821,22,81
